"SLIC","SLIC_Name","SLIC_Type","SLIC_State","OpTyp","SORT","CAP","SPAN","STRT","Facility.x","Facility.y"
"9684","KAUAI","CTR","HI","PKG","L",3410,328,1700,-1.80785109381247,1.92047503736222
"9680","HONOLULU","CTR","HI","PKG","L",960000,328,1700,-1.81500145278802,1.89561638704945
"9682","MAUI","CTR","HI","PKG","L",6353,328,1700,-1.81772860052951,1.87072746214884
"9670","KONA","CTR","HI","PKG","L",2470,328,1700,-1.83766011359983,1.85926408740954
"9683","HILO","CTR","HI","PKG","L",2509,328,1700,-1.83321004740586,1.84496148901857
"9965","KODIAK","CTR","AK","PKG","L",1039999,328,1700,-1.16601915460626,1.95979112946023
"9966","HOMER","CTR","AK","PKG","L",820000,328,1700,-1.12728039620682,1.95841879731079
"9961","KENAI","CTR","AK","PKG","L",2140,328,1700,-1.10859958380358,1.96046840508445
"9954","ANCHORAGE","CTR","AK","PKG","P",940000,403,400,-1.0928912254844,1.95159589843705
"9960","FAIRBANKS","CTR","AK","PKG","L",3169,328,1700,-1.0137765358729,1.95189383079979
"9967","SITKA","CTR","AK","PKG","L",1069999,328,1700,-1.12427609784236,1.78272420847255
"9962","JUNEAU","CTR","AK","PKG","L",4628,328,1700,-1.09744363516627,1.78505488973285
"9964","KETCHIKAN","CTR","AK","PKG","L",4371,328,1700,-1.1392733867698,1.73350180897647
"9744","BROOKINGS","CTR","OR","PKG","L",1965,328,1700,-1.31966063750914,1.54800565706961
"9742","COOS BAY","CTR","OR","PKG","L",5071,328,1700,-1.298153083541,1.55909772430345
"9551","CRESCENT CITY","CTR","CA","PKG","P",1099999,403,400,-1.32271960531738,1.54471875954427
"9745","EUGENE-FLORENCE","CTR","OR","PKG","L",2261,328,1700,-1.2872953594642,1.56262868046969
"9732","NEWPORT","CTR","OR","PKG","L",4480,328,1700,-1.27699179643982,1.56749286853718
"9710","ASTORIA (9863)","CTR","OR","PKG","L",3561,328,1700,-1.25293750288166,1.57781141183688
"9546","FT BRAGG","CTR","CA","PKG","L",3296,328,1700,-1.35775004246859,1.52135909317035
"9711","TILLAMOOK","CTR","OR","PKG","L",2178,328,1700,-1.26391254117862,1.57076754483163
"9851","ELMA","CTR","WA","PKG","L",4243,328,1700,-1.23690848258343,1.57996701922204
"9741","ROSEBURG","CTR","OR","PKG","L",1139999,328,1700,-1.29708109443759,1.54697192473062
"9830","PORT ANGELES","CTR","WA","PKG","L",5404,328,1700,-1.2187536735579,1.58850816298722
"9751","GRANTS PASS","CTR","OR","PKG","L",5426,328,1700,-1.30763145530505,1.54010057400307
"9549","UKIAH LOCAL SORT","HUB","CA","HUB","L",5087,328,1700,-1.35803644452146,1.51194245829855
"9731","CORVALLIS","CTR","OR","PKG","L",5739,328,1700,-1.27212062159073,1.55617673045967
"9769","EUGENE","HUB","OR","HUB","L",4108,328,1700,-1.28109393260026,1.55052930587696
"9730","SALEM","CTR","OR","PKG","L",6067,328,1700,-1.26636276816045,1.55811421617337
"9799","SPRINGFIELD","HUB","OR","HUB","L",6242,328,1700,-1.28054066403853,1.55020251245686
"9545","LAKEPORT","CTR","CA","PKG","L",3570,328,1700,-1.3578736885436,1.50786051086416
"9852","CHEHALIS","CTR","WA","PKG","L",5234,328,1700,-1.23996887610011,1.57096505322519
"9850","TUMWATER","CTR","WA","PKG","L",4378,328,1700,-1.23408355533332,1.57405142309915
"9750","MEDFORD-MEDFORD","CTR","OR","PKG","A",1159999,150,900,-1.306648121637,1.53492031932665
"9860","KELSO (9702)","CTR","WA","PKG","L",4700,328,1700,-1.24757908152805,1.56656176316823
"9832","PORT TOWNSEND","CTR","WA","PKG","L",2533,328,1700,-1.21656222086461,1.58219576138016
"9709","TUALATIN","HUB","OR","HUB","P",11394,403,400,-1.25864341032698,1.55905626849321
"9540","SANTA ROSA-SANTA ROSA","CTR","CA","PKG","L",5376,328,1700,-1.36526629349802,1.50095888382048
"9729","PORTLAND","HUB","OR","HUB","D",86000,478,1100,-1.25521248780334,1.55992848936626
"9831","BREMERTON","CTR","WA","PKG","L",4207,328,1700,-1.22376548903392,1.57667793604238
"9601","YREKA","CTR","CA","PKG","L",3655,328,1700,-1.31493295205678,1.52669312170161
"9879","VANCOUVER HUB","HUB","WA","HUB","L",5594,328,1700,-1.25317611132537,1.55987661408906
"9719","PORTLAND-AIR SORT","ARPT","OR","APT","S",23625,403,300,-1.25435349405057,1.55881454223835
"9491","PETALUMA-PETALUMA","CTR","CA","PKG","P",6038,403,400,-1.36806285841029,1.49710327811297
"9490","SAN RAFAEL CENTER","CTR","CA","PKG","L",5816,328,1700,-1.37162902530833,1.4937652445613
"9822","BELLINGHAM","CTR","WA","PKG","L",5274,328,1700,-1.2026380696365,1.58457538170135
"9410","SAN FRANCISCO-MARINA","CTR","CA","PKG","P",790000,403,400,-1.37393795448271,1.49107890795934
"9449","SAN BRUNO","HUB","CA","HUB","N",29817,403,2200,-1.3753926634871,1.48992733840709
"9849","FIFE","HUB","WA","HUB","L",3501,328,1700,-1.22679242387783,1.57030755456828
"9489","NORTH BAY HUB","HUB","CA","HUB","D",64000,478,1100,-1.37005391225379,1.49232420584725
"9821","BURLINGTON","CTR","WA","PKG","L",4861,328,1700,-1.20723732074851,1.58044125051597
"9819","SEATTLE","HUB","WA","HUB","P",13242,403,400,-1.22142604401032,1.57269026524843
"9469","OAKLAND HUB","HUB","CA","HUB","N",35000,403,2200,-1.37269805919609,1.4902750402591
"9839","BOEING FLD AIR SORT","ARPT","WA","APT","S",4590,403,300,-1.22175418496859,1.5721551159175
"9444","NAPA","CTR","CA","PKG","L",2732,328,1700,-1.36568449576739,1.49351500099929
"9809","TUKWILA","HUB","WA","HUB","L",14085,328,1700,-1.22279290172633,1.57098007799767
"9876","PACIFIC - AUBURN","CTR","WA","PKG","P",770000,403,400,-1.22589358550277,1.56926600007525
"9816","EVERETT CPU","CPU","WA","CPU","L",840000,328,1700,-1.21550724332722,1.57483622524546
"9479","OAKLAND ARPT","ARPT","CA","APT","S",15485,403,300,-1.37344126171768,1.48836419713334
"9453","CORDELIA","CTR","CA","PKG","L",2597,328,1700,-1.36542978234105,1.49159561268823
"9823","ARLINGTON","CTR","WA","PKG","L",4941,328,1700,-1.20934954188978,1.57668715296065
"9829","REDMOND","HUB","WA","HUB","N",35000,403,2200,-1.21835189609806,1.5712830990301
"9452","CONCORD-CONCORD","CTR","CA","PKG","L",2259,328,1700,-1.3680392906644,1.48873568762632
"9500","SANTA CRUZ-SANTA CRU","CTR","CA","PKG","L",3663,328,1700,-1.38336317964216,1.4801295656654
"9409","SUNNYVALE","HUB","CA","HUB","P",25354,403,400,-1.37666379078979,1.483099107649
"9459","SAN RAMON LOCAL SORT","HUB","CA","HUB","L",7194,328,1700,-1.37096871882743,1.48590639174451
"9519","SAN JOSE","HUB","CA","HUB","P",12334,403,400,-1.37727594732124,1.48071878114838
"9591","CHICO","CTR","CA","PKG","L",4583,328,1700,-1.34046461303871,1.5002733960146
"9391","MONTEREY","CTR","CA","PKG","L",2171,328,1700,-1.38808762030633,1.47399036421214
"9629","KLAMATH FALLS HUB","HUB","OR","HUB","L",7282,328,1700,-1.30133886414631,1.52138965289675
"9390","SALINAS","CTR","CA","PKG","L",2922,328,1700,-1.38538332024367,1.47334211750851
"9590","YUBA CITY","CTR","CA","PKG","L",5511,328,1700,-1.34796079057162,1.49221292747788
"9589","SACRAMENTO","HUB","CA","HUB","D",31000,478,1100,-1.35601463865716,1.48751600464768
"9556","CORDOVA","CTR","CA","PKG","L",5770,328,1700,-1.35466885476076,1.48489836948121
"9569","MATHER AIRPORT","ARPT","CA","APT","S",1840,403,300,-1.35465174794462,1.48458459059367
"9770","BEND","CTR","OR","PKG","L",940000,328,1700,-1.27003114416778,1.53148454781445
"9520","DELTA","CTR","CA","PKG","L",3908,328,1700,-1.36308316213772,1.47899566045391
"9579","ROCKLIN LOCAL SORT","HUB","CA","HUB","L",3907,328,1700,-1.35042302696634,1.48560023602492
"9701","THE DALLES (9862)","CTR","OR","PKG","L",5097,328,1700,-1.24550258105023,1.54337624618021
"9593","GRASS VALLEY","CTR","CA","PKG","L",6390,328,1700,-1.34266365554721,1.48668284683472
"9592","QUINCY","CTR","CA","PKG","L",1855,328,1700,-1.33128388496678,1.49162028119363
"9530","MODESTO-CERES","CTR","CA","PKG","L",3719,328,1700,-1.3670719792855,1.4713488047209
"9340","SAN LUIS OBISPO-SLO","CTR","CA","PKG","L",5100,328,1700,-1.40006235606923,1.44865137909406
"9610","SUSANVILLE","CTR","CA","PKG","L",1548,328,1700,-1.32224335043678,1.49147984912201
"9891","ELLENSBURG","CTR","WA","PKG","L",2820,328,1700,-1.2199014471002,1.54871340738245
"9603","BURNEY","CTR","CA","PKG","P",1239999,403,400,-1.30503956640203,1.50061527927948
"9532","ANGELS CAMP","CTR","CA","PKG","L",4800,328,1700,-1.35716575941665,1.47103395751207
"9531","MERCED","CTR","CA","PKG","L",7025,328,1700,-1.36845576094059,1.46397141842755
"9890","YAKIMA","CTR","WA","PKG","L",4700,328,1700,-1.2262315521483,1.54417453489222
"9880","WENATCHEE","CTR","WA","PKG","L",7321,328,1700,-1.21116320437408,1.55056355069698
"9571","SOUTH LAKE TAHOE","CTR","CA","PKG","L",6070,328,1700,-1.34075139323741,1.47220866754942
"9379","FRESNO","HUB","CA","HUB","P",20665,403,400,-1.37177836668058,1.45162389809054
"9310","SANTA BARBARA","CTR","CA","PKG","L",5509,328,1700,-1.40671395399756,1.43158593204149
"8979","RENO AIR SORT","ARPT","NV","APT","T",2040,403,1700,-1.3300561666003,1.4746918367827
"8959","RENO","HUB","NV","HUB","D",81000,478,1100,-1.32957960618237,1.47464879550246
"9882","OMAK","CTR","WA","PKG","L",3398,328,1700,-1.19454913843386,1.5512909518715
"9320","VISALIA-VISALIA","CTR","CA","PKG","L",11169,328,1700,-1.37507751873257,1.44268737230818
"9789","HERMISTON","HUB","OR","HUB","N",20000,403,2200,-1.23051732412951,1.52536012959664
"9889","MOSES LAKE HUB","HUB","WA","HUB","L",5286,328,1700,-1.21039119500642,1.53643050278096
"9300","VENTURA-VENTURA","CTR","CA","PKG","L",3774,328,1700,-1.40518049023663,1.42262512641016
"9930","KENNEWICK","CTR","WA","PKG","L",5294,328,1700,-1.22363074924688,1.52727099800967
"9771","JOHN DAY -BURNS R","CTR","OR","PKG","L",3717,328,1700,-1.26328059979998,1.50226582162309
"9330","BAKERSFIELD-BAKRSFLD","CTR","CA","PKG","L",4407,328,1700,-1.38675691077173,1.43019189998271
"9913","GRAND COULEE","CTR","WA","PKG","L",2197,328,1700,-1.19569259547304,1.54085148272573
"9779","JOHN DAY HUB","HUB","OR","HUB","L",3534,328,1700,-1.24999984126902,1.50865522839379
"9132","NEWBURY PARK","CTR","CA","PKG","L",8253,328,1700,-1.40375614448792,1.41845496041498
"8941","FALLON","CTR","NV","PKG","L",5415,328,1700,-1.32415754906159,1.46375828536483
"9780","PENDLETON","CTR","OR","PKG","L",1844,328,1700,-1.22974559353189,1.51810118118758
"9149","VAN NUYS","HUB","CA","HUB","P",19903,403,400,-1.40036683757269,1.41313553198623
"9352","LANCASTER-BISHOP R","CTR","CA","PKG","L",3452,328,1700,-1.35308957590359,1.44049527370439
"9003","BAY-BAY","CTR","CA","PKG","L",4409,328,1700,-1.40239847581975,1.41111143353446
"9139","SAN FERNANDO","HUB","CA","HUB","N",43000,403,2200,-1.3986295575784,1.41297613673803
"9072","LA INT'L AIRPORT","ARPT","CA","APT","S",760000,403,300,-1.40366062551491,1.40956106564956
"9141","BURBANK AIRPORT","ARPT","CA","APT","L",770000,328,1700,-1.3997829978705,1.41148820305739
"9089","GARDENA","HUB","CA","HUB","P",12603,403,400,-1.40413675295788,1.40805897762082
"9931","WALLA WALLA","CTR","WA","PKG","L",3506,328,1700,-1.21983674471024,1.51629158670683
"9009","OLYMPIC","HUB","CA","HUB","P",24941,403,400,-1.40130655905324,1.40906584397022
"9019","MAIN ST - LA","HUB","CA","HUB","N",39000,403,2200,-1.40066439622153,1.40864947989159
"9029","LA-GRANDE VISTA","HUB","CA","HUB","D",135000,478,1100,-1.40138827842315,1.40795788547893
"9353","MOJAVE","CTR","CA","PKG","L",2592,328,1700,-1.38552822014682,1.41653262486849
"9350","LANCASTER","CTR","CA","PKG","L",7180,328,1700,-1.39123043525536,1.41279544496664
"8939","LA GRANDE HUB","HUB","OR","HUB","L",2068,328,1700,-1.23043954418049,1.50720786964329
"9069","CERRITOS","HUB","CA","HUB","N",72000,403,2200,-1.40216419634628,1.4049475764869
"9179","SAN GABRIEL","HUB","CA","HUB","P",32632,403,400,-1.39897142969696,1.40572766774736
"9911","COLVILLE","CTR","WA","PKG","L",3788,328,1700,-1.17960628044546,1.53493028278102
"9279","ANAHEIM","HUB","CA","HUB","P",24967,403,400,-1.40202064941989,1.40240240047921
"9781","BAKER","CTR","OR","PKG","L",2460,328,1700,-1.23690507203455,1.49940128967943
"8940","WINNEMUCCA","CTR","NV","PKG","L",3239,328,1700,-1.29452047757359,1.46409710029102
"9269","LAGUNA","HUB","CA","HUB","P",21612,403,400,-1.40410281613859,1.39842153557327
"9351","LANCSTR-RIDGECREST R","CTR","CA","PKG","L",1752,328,1700,-1.3737189965152,1.41582310530368
"9169","ONTARIO HUB","HUB","CA","HUB","D",28049,478,1100,-1.3963020848328,1.40069878524782
"9949","GEIGER FIELD AIR SORT","ARPT","WA","APT","S",2325,403,300,-1.19133385872769,1.52239710227377
"9250","RIVERSIDE","CTR","CA","PKG","L",4187,328,1700,-1.3953662658917,1.3971938881332
"9929","SPOKANE","HUB","WA","HUB","D",44000,478,1100,-1.1894834256737,1.52060852219612
"9234","VICTORVILLE","CTR","CA","PKG","L",4632,328,1700,-1.38777962780897,1.40078219071954
"9784","LA GRND-ENTERPRISE R","CTR","OR","PKG","L",1215,328,1700,-1.22388607069165,1.49946143325809
"9240","CITRUS VALLEY","CTR","CA","PKG","L",4125,328,1700,-1.3934932275099,1.39688835365415
"9209","SAN MARCOS HUB","HUB","CA","HUB","P",15389,403,400,-1.40672211104004,1.38773480998326
"9231","TEMECULA","CTR","CA","PKG","L",3726,328,1700,-1.39766879042367,1.39311199146817
"9910","PULLMAN (8381)","CTR","WA","PKG","L",4074,328,1700,-1.20301814366035,1.51052925636693
"9219","SAN DIEGO","HUB","CA","HUB","P",18403,403,400,-1.41107554803253,1.38453057508082
"8350","LEWISTON (9940)","CTR","ID","PKG","L",5317,328,1700,-1.20671406278074,1.50577979364839
"9232","VICTORVLE-BARSTOW R","CTR","CA","PKG","L",2429,328,1700,-1.37954998764352,1.4007735423454
"9259","CHULA VISTA","HUB","CA","HUB","L",10493,328,1700,-1.41226941595178,1.38071334798856
"8362","PAYETTE (9791)","CTR","ID","PKG","L",1893,328,1700,-1.24204804506223,1.48341220022035
"8380","COEUR D ALENE","CTR","ID","PKG","L",4985,328,1700,-1.18570979218399,1.51571852999948
"8383","SANDPOINT (9912)","CTR","ID","PKG","L",3825,328,1700,-1.17510103869976,1.5186619903233
"8459","UTAH REGIONAL HUB","HUB","UT","HUB","L",5887,328,1700,-1.24666640557342,1.47474013893432
"9220","PALM SPRINGS","CTR","CA","PKG","L",4575,328,1700,-1.39158160738363,1.3856847180236
"9223","PLM SPG-YUCCA VLY R","CTR","CA","PKG","L",5382,328,1700,-1.386961178024,1.38752994087556
"8379","BOISE","HUB","ID","HUB","N",20000,403,2200,-1.24422567607702,1.47179380574402
"8329","BOISE AIR SORT","ARPT","ID","APT","S",999999,403,300,-1.24517408110907,1.4711266382036
"8351","GRANGEVILLE","CTR","ID","PKG","L",2930,328,1700,-1.20852342721503,1.49193905755362
"8361","MCCALL","CTR","ID","PKG","L",4024,328,1700,-1.22407961224924,1.4819505295781
"8980","ELKO","CTR","NV","PKG","L",4012,328,1700,-1.28203519926086,1.4404126448252
"8360","MOUNTAIN HOME","CTR","ID","PKG","L",2185,328,1700,-1.2478383346417,1.46101341033695
"9221","EL CENTRO","CTR","CA","PKG","L",4554,328,1700,-1.39970259185023,1.36478364971906
"5991","LIBBY","CTR","MT","PKG","L",2284,328,1700,-1.16719214012381,1.50917377270397
"8919","LAS VEGAS NORTH","HUB","NV","HUB","L",12942,328,1700,-1.34707948191125,1.39072742215278
"8909","LAS VEGAS SOUTH","HUB","NV","HUB","L",14707,328,1700,-1.34878067131662,1.3896048805542
"8930","ELY","CTR","NV","PKG","L",2991,328,1700,-1.29985793844802,1.4158175404526
"9222","BLYTHE (8532)","CTR","CA","PKG","L",2138,328,1700,-1.38036564579357,1.36050192811426
"8530","YUMA (9224)","CTR","AZ","PKG","L",3782,328,1700,-1.39369135899717,1.35170735967771
"8339","TWIN FALLS","HUB","ID","HUB","L",4985,328,1700,-1.2475495349257,1.44244779056803
"8641","LAKE HAVASU (9236)","CTR","AZ","PKG","L",2466,328,1700,-1.36553236487228,1.3655877245847
"5990","KALISPELL","CTR","MT","PKG","L",4306,328,1700,-1.16201981046434,1.4950695025473
"8332","HAILEY","CTR","ID","PKG","L",3522,328,1700,-1.2327764307704,1.44966864792279
"5980","MISSOULA","CTR","MT","PKG","L",4719,328,1700,-1.17998975769036,1.47936147306804
"8640","KINGMAN","CTR","AZ","PKG","L",2214,328,1700,-1.35138000417901,1.36796554614281
"8342","SALMON","CTR","ID","PKG","L",2179,328,1700,-1.20509569129676,1.4611240129602
"8331","BURLEY","CTR","ID","PKG","L",2121,328,1700,-1.24324721251133,1.43441152215015
"8472","ST. GEORGE","CTR","UT","PKG","L",5056,328,1700,-1.32137435269554,1.38068746826317
"8470","CEDAR CITY (8604)","CTR","UT","PKG","L",3060,328,1700,-1.30932909152723,1.38043068341893
"5970","BUTTE","CTR","MT","PKG","L",4906,328,1700,-1.18442339842139,1.45391306708954
"8320","POCATELLO","CTR","ID","PKG","L",4363,328,1700,-1.22919158109861,1.42364058873791
"5942","CUT BANK","CTR","MT","PKG","L",1543,328,1700,-1.142425999856,1.47918947708311
"8630","PRESCOTT","CTR","AZ","PKG","L",4643,328,1700,-1.34831082359392,1.34195402879251
"8461","DELTA","CTR","UT","PKG","L",4739,328,1700,-1.28295553147424,1.38487534713026
"8531","ESTRELLA","CTR","AZ","PKG","L",1402,328,1700,-1.36377506326176,1.33031868618181
"8509","PHOENIX","HUB","AZ","HUB","D",128000,478,1100,-1.36278838211412,1.32940711537814
"8349","IDAHO FALLS","HUB","ID","HUB","L",3277,328,1700,-1.21725320676755,1.42510801092142
"8519","PHOENIX GATEWAY","ARPT","AZ","APT","S",3510,403,300,-1.36280379033726,1.3275982995183
"8440","OGDEN","CTR","UT","PKG","L",4845,328,1700,-1.25067460203887,1.40210569328561
"5969","HELENA","HUB","MT","HUB","L",840000,328,1700,-1.17069128129336,1.4551763592147
"8419","SALT LAKE CITY","HUB","UT","HUB","D",40293,478,1100,-1.25713618974184,1.39685906878012
"8529","TEMPE","HUB","AZ","HUB","P",15136,403,400,-1.36199561488852,1.32604379302227
"8430","LOGAN (8326)","CTR","UT","PKG","L",4453,328,1700,-1.24138205737415,1.40642988026141
"8429","SALT LAKE AIR SORT","ARPT","UT","APT","S",3880,403,300,-1.2556376289927,1.39656605665465
"8471","SALINA","CTR","UT","PKG","L",2545,328,1700,-1.28195300010919,1.37889283741374
"8631","CAMP VERDE","CTR","AZ","PKG","L",7493,328,1700,-1.34505966493278,1.33658301387604
"8346","REXBURG (8327)","CTR","ID","PKG","L",2467,328,1700,-1.20988685286433,1.42567628490884
"8523","CASA GRANDE","CTR","AZ","PKG","L",4697,328,1700,-1.36830332309653,1.31941147248172
"8521","MESA","CTR","AZ","PKG","L",6157,328,1700,-1.36119021236543,1.32394016108413
"8460","PROVO","CTR","UT","PKG","L",11692,328,1700,-1.26164154084835,1.39041769984272
"8600","FLAGSTAFF","CTR","AZ","PKG","L",5124,328,1700,-1.3342235443339,1.33983080578978
"8321","SODA SPRINGS","CTR","ID","PKG","L",2250,328,1700,-1.22625039540063,1.41202783419655
"8602","PAGE","CTR","AZ","PKG","L",1794,328,1700,-1.30850737471996,1.3545719848744
"8552","PAYSON","CTR","AZ","PKG","L",3165,328,1700,-1.34578110840139,1.32717826716735
"5940","GREAT FALLS","CTR","MT","PKG","L",4025,328,1700,-1.15248881991709,1.45735462878209
"5971","BOZEMAN (8210)","CTR","MT","PKG","L",5438,328,1700,-1.17760983752924,1.43673442675283
"8293","EVANSTON","CTR","WY","PKG","L",2284,328,1700,-1.24206931543985,1.39181823153851
"8579","TUCSON","HUB","AZ","HUB","L",3803,328,1700,-1.37168183186063,1.30307336549459
"8565","NOGALES","CTR","AZ","PKG","L",3353,328,1700,-1.38359711900909,1.29486378808357
"8450","PRICE","CTR","UT","PKG","L",2012,328,1700,-1.26532956738549,1.37314156545034
"8300","JACKSON","CTR","WY","PKG","L",6287,328,1700,-1.2087680313735,1.41145657190453
"8550","GLOBE","CTR","AZ","PKG","L",2443,328,1700,-1.35316208197186,1.3123188432928
"8560","SIERRA VISTA","CTR","AZ","PKG","L",4234,328,1700,-1.3747073637144,1.28786184963669
"8601","HOLBROOK","CTR","AZ","PKG","L",3077,328,1700,-1.32640612714831,1.31999023912211
"8590","SHOW LOW","CTR","AZ","PKG","L",6069,328,1700,-1.33502474591246,1.3120456771032
"8551","SAFFORD","CTR","AZ","PKG","L",3145,328,1700,-1.3525004435486,1.29437306688961
"5950","HAVRE","CTR","MT","PKG","L",2932,328,1700,-1.12600360771471,1.45163958201482
"8451","MOAB","CTR","UT","PKG","L",2488,328,1700,-1.26996023400733,1.34896255809441
"8400","VERNAL","CTR","UT","PKG","L",2365,328,1700,-1.24262189785785,1.36754771557019
"5941","LEWISTOWN","CTR","MT","PKG","L",2144,328,1700,-1.14602173091383,1.43396587047923
"8290","ROCK SPRINGS","CTR","WY","PKG","L",5935,328,1700,-1.22459911209092,1.37606431958726
"8240","CODY","CTR","WY","PKG","L",3031,328,1700,-1.18039748294663,1.40388520764075
"8730","GALLUP","CTR","NM","PKG","L",3744,328,1700,-1.30620047017034,1.30922203240034
"8159","GRAND JUNCTION","HUB","CO","HUB","L",6320,328,1700,-1.25506770461781,1.34481274653689
"5929","BILLINGS AIR SORT","ARPT","MT","APT","S",2460,403,300,-1.15841338150293,1.41216273673057
"5919","BILLINGS","HUB","MT","HUB","D",20000,478,1100,-1.1590199842974,1.41163917927175
"8259","RIVERTON","HUB","WY","HUB","L",3578,328,1700,-1.1972639543099,1.38186198091504
"8801","SILVER CITY","CTR","NM","PKG","L",2577,328,1700,-1.34124554793706,1.27682644559595
"8740","FARMINGTON","CTR","NM","PKG","L",4026,328,1700,-1.28551205268613,1.31615705975183
"8140","MONTROSE","CTR","CO","PKG","L",5350,328,1700,-1.25800095569004,1.32976226805397
"8130","DURANGO","CTR","CO","PKG","L",6753,328,1700,-1.27542813568282,1.31715010915761
"8700","GRANTS","CTR","NM","PKG","L",3488,328,1700,-1.30458816318456,1.2960962067792
"5920","WOLF POINT","CTR","MT","PKG","L",2581,328,1700,-1.11600762774985,1.43189991908168
"8802","DEMING","CTR","NM","PKG","L",3079,328,1700,-1.34399654948027,1.26568810961923
"8162","CRAIG","CTR","CO","PKG","L",2407,328,1700,-1.22665908255753,1.34686077820147
"8161","GLENWOOD SPRINGS","CTR","CO","PKG","L",5742,328,1700,-1.23849046563425,1.33469924806533
"8230","RAWLINS","CTR","WY","PKG","L",2288,328,1700,-1.20588527685508,1.35665086946495
"8280","SHERIDAN (5900)","CTR","WY","PKG","L",2157,328,1700,-1.16150641251018,1.38511713656652
"8701","CUBA","CTR","NM","PKG","L",2158,328,1700,-1.28513768812738,1.29447260994608
"8046","STEAMBOAT SPRINGS-SP","CTR","CO","PKG","L",4022,328,1700,-1.2222638963321,1.34031143945116
"8121","GUNNISON","CTR","CO","PKG","L",2560,328,1700,-1.24962519139237,1.32007420347648
"8780","SOCORRO","CTR","NM","PKG","L",5709,328,1700,-1.31225340077284,1.27336056430163
"8800","LAS CRUCES-LAS CRUCES","CTR","NM","PKG","L",3463,328,1700,-1.33528832167334,1.2548218621384
"8711","ASPEN","CTR","NM","PKG","A",1089999,150,900,-1.29527156154508,1.28167849296458
"8729","ALBUQUERQUE INT","ARPT","NM","APT","S",1980,403,300,-1.29604271448404,1.28059934242999
"8719","ALBUQUERQUE","HUB","NM","HUB","D",58000,478,1100,-1.2946320978995,1.28143634742234
"7999","EL PASO","HUB","TX","HUB","P",8470,403,400,-1.33852546329867,1.24497934762927
"8269","CASPER","HUB","WY","HUB","N",20000,403,2200,-1.18400058822893,1.35871778510819
"8751","TAOS","CTR","NM","PKG","L",5513,328,1700,-1.27790954351982,1.28458621855357
"8040","SILVERTHORNE","CTR","CO","PKG","L",6742,328,1700,-1.22743649982243,1.32198447174742
"8750","SANTA FE","CTR","NM","PKG","L",4839,328,1700,-1.28259269201358,1.27997245814253
"8120","SALIDA","CTR","CO","PKG","L",3252,328,1700,-1.24215046139036,1.30952629309611
"8830","ALAMOGORDO","CTR","NM","PKG","L",5976,328,1700,-1.31930464758829,1.25154671976383
"8110","ALAMOSA","CTR","CO","PKG","L",2792,328,1700,-1.2560542710674,1.29704217561419
"5930","MILES CITY","CTR","MT","PKG","L",2167,328,1700,-1.12967323546431,1.3908682603793
"8201","LARAMIE","CTR","WY","PKG","L",3307,328,1700,-1.20006704991295,1.33445951340198
"8270","GILLETTE","CTR","WY","PKG","L",5455,328,1700,-1.15819527945069,1.36516951757478
"8030","BOULDER","CTR","CO","PKG","L",5143,328,1700,-1.21531058453889,1.31718408930786
"8113","CANON CITY","CTR","CO","PKG","L",2228,328,1700,-1.23711324741095,1.30034170423397
"8771","LAS VEGAS","CTR","NM","PKG","L",3638,328,1700,-1.27634428598394,1.2706402677484
"8050","LOVELAND","CTR","CO","PKG","L",5880,328,1700,-1.20781610735175,1.32009688240615
"8057","LONGMONT","CTR","CO","PKG","L",5097,328,1700,-1.21201416529673,1.31689493589243
"8029","DENVER","HUB","CO","HUB","N",154000,403,2200,-1.21592299093733,1.31123062040492
"8010","ENGLEWOOD-CENTENNIAL","CTR","CO","PKG","L",23869,328,1700,-1.21850072802686,1.30823236047984
"8200","CHEYENNE","CTR","WY","PKG","L",3471,328,1700,-1.19665234803581,1.32456653261011
"5931","GLENDIVE","CTR","MT","PKG","L",2310,328,1700,-1.11175005274485,1.38812242194647
"8063","GREELEY","CTR","CO","PKG","L",5335,328,1700,-1.20508458895821,1.3155864065755
"8039","DIA (DENVER)","ARPT","CO","APT","S",9180,403,300,-1.21337644677675,1.30918575974515
"8095","CO.SPRINGS-BROADMOOR","CTR","CO","PKG","L",14143,328,1700,-1.22677377534167,1.29894519987394
"8102","PUEBLO","CTR","CO","PKG","L",5230,328,1700,-1.23540647237301,1.29171239103538
"8770","SPRINGER","CTR","NM","PKG","L",2529,328,1700,-1.26051052699795,1.27159873489691
"8820","ROSWELL","CTR","NM","PKG","L",2904,328,1700,-1.30047709687097,1.23940457465759
"8109","TRINIDAD","HUB","CO","HUB","L",2800,328,1700,-1.24827553532485,1.27924415162191
"8821","CARLSBAD","CTR","NM","PKG","L",6907,328,1700,-1.3112132076555,1.22657216277116
"8840","TUCUMCARI","CTR","NM","PKG","L",4705,328,1700,-1.26929468650477,1.24936275310293
"6931","SCOTTSBLUFF","CTR","NE","PKG","L",2140,328,1700,-1.17706244129114,1.32012948037818
"7980","ALPINE CENTER","CTR","TX","PKG","L",2076,328,1700,-1.33402063323159,1.19770780835863
"5880","WILLISTON","CTR","ND","PKG","L",3160,328,1700,-1.08795125689851,1.38894379350754
"5771","STURGIS (8271)","CTR","SD","PKG","L",2440,328,1700,-1.14030284504898,1.34637908999088
"8101","LA JUNTA","CTR","CO","PKG","L",2356,328,1700,-1.22830922831782,1.27762374527406
"8070","STERLING","CTR","CO","PKG","L",6074,328,1700,-1.19031399782034,1.30201045358289
"5770","RAPID CITY-RAPID CTY","CTR","SD","PKG","L",4040,328,1700,-1.14245704852553,1.33922079169928
"8810","CLOVIS","CTR","NM","PKG","L",5033,328,1700,-1.27496217728658,1.23471934129826
"8822","HOBBS","CTR","NM","PKG","L",2667,328,1700,-1.29757260901717,1.21657422246413
"6911","SIDNEY","CTR","NE","PKG","L",1840,328,1700,-1.18131063001404,1.30536165902041
"6930","ALLIANCE","CTR","NE","PKG","L",1500,328,1700,-1.16742310918474,1.3147116395858
"5860","DICKINSON","CTR","ND","PKG","L",5000,328,1700,-1.10020156867257,1.3666906703182
"8105","LAMAR","CTR","CO","PKG","L",2337,328,1700,-1.22019059130921,1.26849460108211
"7976","ODESSA","CTR","TX","PKG","L",3165,328,1700,-1.30181034676564,1.19849571502357
"8080","BURLINGTON","CTR","CO","PKG","L",2043,328,1700,-1.20099291526181,1.27826617416658
"7979","MIDLAND","HUB","TX","HUB","L",4069,328,1700,-1.29860654280091,1.19725121522976
"7939","AMARILLO","HUB","TX","HUB","L",3604,328,1700,-1.25242182470537,1.22888645428564
"7940","LUBBOCK","CTR","TX","PKG","L",8670,328,1700,-1.27448214986969,1.21097976475991
"7901","PLAINVIEW","CTR","TX","PKG","L",7864,328,1700,-1.26656868555458,1.21636598634364
"7390","GUYMON","CTR","OK","PKG","L",3407,328,1700,-1.22921365843769,1.24103363753469
"5870","MINOT","CTR","ND","PKG","L",4960,328,1700,-1.07107853121037,1.36633502852976
"6770","COLBY","CTR","KS","PKG","L",3247,328,1700,-1.18916488943067,1.26592503197151
"7900","PAMPA","CTR","TX","PKG","L",5436,328,1700,-1.24041307322363,1.22312677368398
"7880","DEL RIO","CTR","TX","PKG","L",1583,328,1700,-1.32173746499929,1.15479153935022
"6781","GARDEN CITY","CTR","KS","PKG","L",4167,328,1700,-1.20656137872249,1.24893168336361
"6919","NORTH PLATTE","HUB","NE","HUB","N",20000,403,2200,-1.16309597570544,1.28211033620236
"5850","BISMARCK-BISMARCK","CTR","ND","PKG","L",810000,328,1700,-1.0846985962469,1.34632887605177
"6900","MC COOK","CTR","NE","PKG","L",3400,328,1700,-1.17466762036959,1.27101744909291
"7882","EAGLE PASS","CTR","TX","PKG","L",2158,328,1700,-1.32681603701665,1.14321662328937
"5760","MOBRIDGE","CTR","SD","PKG","L",1780,328,1700,-1.10034037451953,1.32865229142842
"7690","SAN ANGELO","CTR","TX","PKG","L",3905,328,1700,-1.28815752849657,1.17228687397315
"5750","PIERRE","CTR","SD","PKG","L",2220,328,1700,-1.11581097104644,1.31453011235023
"6780","DODGE CITY","CTR","KS","PKG","L",3823,328,1700,-1.20247279756829,1.23751903624773
"5753","WINNER (6920)","CTR","SD","PKG","L",2020,328,1700,-1.12529187429261,1.29848157841595
"7960","ABILENE","CTR","TX","PKG","L",4197,328,1700,-1.27067793759576,1.17655730056225
"7884","UVALDE","CTR","TX","PKG","L",1871,328,1700,-1.31326548456364,1.14050108804317
"6882","BROKEN BOW","CTR","NE","PKG","L",2020,328,1700,-1.1501489870978,1.27404652284143
"7800","LAREDO","CTR","TX","PKG","L",3576,328,1700,-1.3321492943906,1.11931665501579
"7380","WOODWARD","CTR","OK","PKG","L",7250,328,1700,-1.21463236793146,1.21639420671718
"6760","HAYS","CTR","KS","PKG","L",4618,328,1700,-1.18118370284681,1.24229491000305
"7351","ALTUS","CTR","OK","PKG","L",3135,328,1700,-1.23724333973679,1.19510734292969
"7631","VERNON","CTR","TX","PKG","L",2206,328,1700,-1.24341843535272,1.18965813815667
"7801","KERRVILLE","CTR","TX","PKG","L",3864,328,1700,-1.29610149207513,1.14171065107127
"6881","KEARNEY","CTR","NE","PKG","L",4960,328,1700,-1.15497440254096,1.26029476094187
"7680","BROWNWOOD","CTR","TX","PKG","L",4069,328,1700,-1.27303147374119,1.1585888315276
"7360","CLINTON","CTR","OK","PKG","L",5092,328,1700,-1.2224843504452,1.20127264659538
"5830","DEVILS LAKE","CTR","ND","PKG","L",2200,328,1700,-1.05244063973752,1.34321050799735
"6750","GREAT BEND","CTR","KS","PKG","L",5097,328,1700,-1.18319339239438,1.23092209966234
"5840","JAMESTOWN","CTR","ND","PKG","L",3880,328,1700,-1.06808745547802,1.32782748812475
"7821","LEON VALLEY","CTR","TX","PKG","L",4152,328,1700,-1.29821680685762,1.13047539903454
"6871","O'NEILL","CTR","NE","PKG","L",1620,328,1700,-1.12739395385369,1.27568016102837
"7639","WICHITA FALLS HUB","HUB","TX","HUB","L",4891,328,1700,-1.2392872079816,1.17810818940234
"5740","ABERDEEN","CTR","SD","PKG","L",4320,328,1700,-1.08587409669509,1.30909719009695
"7805","PLEASANTON","CTR","TX","PKG","L",2117,328,1700,-1.30410050447467,1.12252383546659
"7919","SAN ANT AIR SORT","ARPT","TX","APT","M",1089999,400,600,-1.29637749884299,1.12909536043211
"6890","HASTINGS","CTR","NE","PKG","L",4040,328,1700,-1.15065225363824,1.25219867762057
"7350","LAWTON","CTR","OK","PKG","L",3293,328,1700,-1.22959513804311,1.18455443526216
"7829","SAN ANTONIO","HUB","TX","HUB","N",38000,403,2200,-1.29586428170399,1.12719395136361
"6880","GRAND ISLAND","CTR","NE","PKG","L",4040,328,1700,-1.14518583653053,1.25543182097421
"7851","MCALLEN","CTR","TX","PKG","L",2710,328,1700,-1.33699993771591,1.08886541000629
"5730","MITCHELL","CTR","SD","PKG","L",4240,328,1700,-1.10566660789778,1.28417895381387
"7860","SAN MARCOS","CTR","TX","PKG","L",3124,328,1700,-1.28666618843579,1.12668833282781
"5733","HURON","CTR","SD","PKG","L",2000,328,1700,-1.09596044377246,1.29113654930802
"7811","KENEDY","CTR","TX","PKG","L",2425,328,1700,-1.29899982296075,1.11518524095874
"6751","HUTCHINSON","CTR","KS","PKG","L",4850,328,1700,-1.17917905048143,1.21847937058568
"7369","ENID AIR SORT","ARPT","OK","APT","S",1009999,403,300,-1.20094518570223,1.19956658889841
"7601","GRANBURY","CTR","TX","PKG","L",2946,328,1700,-1.25221304521695,1.15416079195561
"7859","HARLINGEN GATEWAY","HUB","TX","HUB","S",1215,403,300,-1.33212729125454,1.08246563583435
"7850","HARLINGEN","CTR","TX","PKG","L",4932,328,1700,-1.33222803396303,1.08212673002826
"7669","AUSTIN GATEWAY","ARPT","TX","APT","S",1695,403,300,-1.27956283459504,1.12755483663626
"7879","AUSTIN","HUB","TX","HUB","P",15840,403,400,-1.27792678028036,1.12882159187297
"6749","SALINA","HUB","KS","HUB","N",20000,403,2200,-1.16674557143805,1.224800529096
"7309","OKLAHOMA CITY","ARPT","OK","APT","S",831,403,300,-1.21150730842501,1.18516563661648
"7319","OKLAHOMA CITY","HUB","OK","HUB","A",1189999,150,900,-1.21063825582793,1.18570755162932
"7652","BELTON","CTR","TX","PKG","L",3042,328,1700,-1.26662119200999,1.13467482332342
"7849","CORPUS CHRISTI","HUB","TX","HUB","L",3083,328,1700,-1.30894150003713,1.09775969144106
"7852","BROWNSVILLE","CTR","TX","PKG","L",3247,328,1700,-1.33329738499535,1.07637756828406
"6719","WICHITA","ARPT","KS","APT","S",1169999,403,300,-1.18049164975946,1.20909461005492
"6870","NORFOLK","CTR","NE","PKG","L",4600,328,1700,-1.12350977995835,1.25862143744213
"6729","WICHITA","HUB","KS","HUB","N",8546,403,2200,-1.18034165606006,1.20847342702243
"6860","COLUMBUS","CTR","NE","PKG","L",4480,328,1700,-1.13022629645791,1.25144525421825
"7523","DALLAS-IRVING","CTR","TX","PKG","P",870000,403,400,-1.24050348669898,1.15527667445343
"7619","FORT WORTH","HUB","TX","HUB","P",17010,403,400,-1.24305616318833,1.15272937011656
"7340","ARDMORE","CTR","OK","PKG","L",3509,328,1700,-1.22464924278824,1.16810249127646
"7645","Customer Location","CSL","TX","CSL","L",980000,328,1700,-1.23978021077025,1.15404180922617
"5720","WATERTOWN","CTR","SD","PKG","L",3440,328,1700,-1.08253219008428,1.28981245292589
"7670","WACO CENTER","CTR","TX","PKG","L",2988,328,1700,-1.25711952512399,1.13669125719875
"7620","DENTON","CTR","TX","PKG","L",5817,328,1700,-1.23553033891373,1.15512923151925
"7460","PONCA CITY","CTR","OK","PKG","L",5163,328,1700,-1.1896351144428,1.19496824690161
"7600","ARLINGTON","CTR","TX","PKG","L",2389,328,1700,-1.24114002653561,1.14959252110247
"7401","STILLWATER","CTR","OK","PKG","L",5943,328,1700,-1.19720908434935,1.18755035538522
"5820","GRAND FORKS (5671)","CTR","ND","PKG","L",4320,328,1700,-1.04122851359226,1.32409570667787
"7539","DFW RAMP","HUB","TX","HUB","S",1119999,403,300,-1.23834167192957,1.15113500000623
"7790","VICTORIA","CTR","TX","PKG","L",4809,328,1700,-1.29154759129343,1.10342146340747
"5700","VERMILLION","CTR","SD","PKG","L",1960,328,1700,-1.10869830730787,1.26312523253073
"7480","SHAWNEE","CTR","OK","PKG","L",5077,328,1700,-1.20589961948173,1.17735671854726
"5819","FARGO","HUB","ND","HUB","N",20000,403,2200,-1.05303982732765,1.3104747488095
"5701","BROOKINGS","CTR","SD","PKG","L",1940,328,1700,-1.08734651815719,1.27969515503931
"5719","SIOUX FALLS","HUB","SD","HUB","D",20000,478,1100,-1.09679666448216,1.27067942199988
"6830","BEATRICE","CTR","NE","PKG","L",1980,328,1700,-1.14003705167785,1.23238944449406
"6850","LINCOLN","CTR","NE","PKG","L",8160,328,1700,-1.13202814416559,1.23797195609966
"7519","MESQUITE","HUB","TX","HUB","D",91000,478,1100,-1.2365412583754,1.14560627531835
"7502","SHERMAN","CTR","TX","PKG","L",4384,328,1700,-1.22417079490798,1.1548897986849
"6650","MANHATTAN-MANHATTAN","CTR","KS","PKG","L",5097,328,1700,-1.15259206149981,1.21771893829819
"5110","SIOUX CITY-METRO","CTR","IA","PKG","L",760000,328,1700,-1.10764585442528,1.25442311742706
"7780","BRYAN","CTR","TX","PKG","L",5015,328,1700,-1.26070920892062,1.11809494272618
"6609","EMPORIA AIRPORT","ARPT","KS","APT","S",900000,403,300,-1.15985514355253,1.20526136888119
"5670","THIEF RIVER FALLS","CTR","MN","PKG","L",13826,328,1700,-1.03090550596695,1.31895161675558
"5652","FERGUS FALLS (5800)","CTR","MN","PKG","L",4328,328,1700,-1.05480742587497,1.29641852197474
"6819","OMAHA","HUB","NE","HUB","N",53000,403,2200,-1.12097166454314,1.23505369470106
"5622","MORRIS","CTR","MN","PKG","L",3515,328,1700,-1.06290420043466,1.28632277744009
"6879","EPPLEY (OMAHA)","ARPT","NE","APT","S",1880,403,300,-1.11924638443956,1.23577207995297
"7409","TULSA","ARPT","OK","APT","S",1009,403,300,-1.18543210926621,1.17625964728109
"7419","TULSA","HUB","OK","HUB","P",12652,403,400,-1.18646611321296,1.17454594642116
"6842","AUBURN","CTR","NE","PKG","L",2280,328,1700,-1.13049190338738,1.22440863524069
"5653","DETROIT LAKES","CTR","MN","PKG","L",5015,328,1700,-1.04569543382428,1.30022685690005
"7450","MC ALESTER","CTR","OK","PKG","L",4403,328,1700,-1.20032113626478,1.16060594281588
"5610","SLAYTON","CTR","MN","PKG","L",3609,328,1700,-1.08269134655872,1.26603215929267
"6660","TOPEKA","CTR","KS","PKG","L",3247,328,1700,-1.14635549424503,1.20719363594974
"7580","PALESTINE","CTR","TX","PKG","L",4280,328,1700,-1.24030777754464,1.12262379113644
"7540","SULPHUR SPRINGS","CTR","TX","PKG","L",3381,328,1700,-1.22226110629106,1.13800750063349
"5621","GRANITE FALLS","CTR","MN","PKG","L",5524,328,1700,-1.0701816136969,1.27373688842449
"7749","STAFFORD","HUB","TX","HUB","P",24797,403,400,-1.26643479247524,1.09715961813805
"5651","ALEXANDRIA","CTR","MN","PKG","L",5668,328,1700,-1.05639451821581,1.28584840261415
"7470","HUGO","CTR","OK","PKG","L",2560,328,1700,-1.20973974410623,1.14703567656033
"7753","ANGLETON","CTR","TX","PKG","L",3494,328,1700,-1.27116423320971,1.0903642936454
"7730","CONROE","CTR","TX","PKG","L",4275,328,1700,-1.25576221794792,1.10418954443359
"7440","MUSKOGEE","CTR","OK","PKG","L",3985,328,1700,-1.18599206619071,1.16604800851612
"7724","MYKAWA-DOWNTOWN","CTR","TX","PKG","L",11656,328,1700,-1.26274719652029,1.09665960437852
"7570","TYLER","CTR","TX","PKG","L",1934,328,1700,-1.22942635813631,1.12596795288899
"7759","MYKAWA","HUB","TX","HUB","L",10740,328,1700,-1.26336690964936,1.09520695172823
"5140","DENISON","CTR","IA","PKG","L",4334,328,1700,-1.10479019399621,1.23840699310456
"7729","INTERCON'L AIR SORT","ARPT","TX","APT","A",1059999,150,900,-1.25906527643034,1.09885023725896
"7709","SWEETWATER HOUSTON","HUB","TX","HUB","N",60000,403,2200,-1.26351466782946,1.09443727220782
"6600","OTTAWA","CTR","KS","PKG","L",4809,328,1700,-1.14830876618412,1.19824568675156
"6670","PARSONS","CTR","KS","PKG","L",4316,328,1700,-1.16508043842042,1.18299963286121
"5001","RED OAK","CTR","IA","PKG","L",3334,328,1700,-1.11740018904658,1.22607449698127
"6601","LAWRENCE","CTR","KS","PKG","L",4727,328,1700,-1.14332207195759,1.20202696799878
"7756","LEAGUE CITY","CTR","TX","PKG","L",2425,328,1700,-1.26280064908654,1.09264904516244
"5130","SPENCER","CTR","IA","PKG","L",4959,328,1700,-1.08826324888773,1.25029796339347
"7430","VINITA","CTR","OK","PKG","L",4431,328,1700,-1.17238836358666,1.17383171048313
"5641","WADENA","CTR","MN","PKG","L",1569,328,1700,-1.04494909349094,1.28932139614779
"7959","LUBBOCK AIR SORT","ARPT","TX","APT","S",1049999,403,300,-1.21674401178395,1.1332264581066
"5620","WILLMAR","CTR","MN","PKG","L",3807,328,1700,-1.06201803764441,1.27287664077824
"7752","BAYTOWN","CTR","TX","PKG","L",3946,328,1700,-1.25823137623844,1.09287999334473
"7750","TEXAS CITY","CTR","TX","PKG","L",3371,328,1700,-1.26365242766095,1.08739799398243
"5660","BEMIDJI","CTR","MN","PKG","L",4364,328,1700,-1.02934030659067,1.29896988094883
"7492","SALLISAW","CTR","OK","PKG","L",2061,328,1700,-1.18473658382028,1.15636049300041
"6629","LENEXA","HUB","KS","HUB","D",147000,478,1100,-1.13962511798516,1.19661033852729
"6450","SAINT JOSEPH","CTR","MO","PKG","L",4501,328,1700,-1.12965373837629,1.20568004152065
"7590","LUFKIN CENTER","CTR","TX","PKG","L",1686,328,1700,-1.23686133575905,1.10741618335071
"7560","LONGVIEW","CTR","TX","PKG","L",5737,328,1700,-1.22153065674027,1.12131084063591
"6429","KANSAS CITY AIR SORT","ARPT","MO","APT","S",940000,403,300,-1.13456709472192,1.20061457387839
"6671","PITTSBURG","CTR","KS","PKG","L",3412,328,1700,-1.15872319981559,1.17822764130027
"5601","SAINT JAMES","CTR","MN","PKG","L",5015,328,1700,-1.07305831627916,1.25498419474201
"6419","KANSAS CITY","HUB","KS","HUB","P",8634,403,400,-1.13615888049219,1.19722806543715
"6489","JOPLIN","HUB","MO","HUB","L",3959,328,1700,-1.16132552156571,1.17277711297955
"5011","GUTHRIE","CTR","IA","PKG","L",4584,328,1700,-1.10201002504307,1.22656537706763
"7290","FT SMITH-FT SMITH","CTR","AR","PKG","L",4727,328,1700,-1.182443831903,1.1509112789701
"5080","CRESTON","CTR","IA","PKG","L",3584,328,1700,-1.10880388331563,1.21772523718974
"5640","BRAINERD","CTR","MN","PKG","L",5515,328,1700,-1.0379584166847,1.28185947817365
"5050","FT DODGE","CTR","IA","PKG","L",4251,328,1700,-1.08881722897242,1.23348984005205
"5530","GLENCOE","CTR","MN","PKG","L",6414,328,1700,-1.05864698386474,1.25996508699011
"7770","BEAUMONT","CTR","TX","PKG","L",3247,328,1700,-1.24658704013546,1.08650847245819
"7270","SPRINGDALE-SPRINGDAL","CTR","AR","PKG","L",9500,328,1700,-1.16918748679723,1.15780631886241
"5630","ST CLOUD-ST CLOUD","CTR","MN","PKG","L",9116,328,1700,-1.04834334582437,1.2686846560347
"5600","MANKATO","CTR","MN","PKG","L",6492,328,1700,-1.06556730860472,1.25216023921893
"6470","APPLETON CITY","CTR","MO","PKG","L",4418,328,1700,-1.14256505515687,1.18055609386957
"7180","TEXARKANA (7550)","CTR","AR","PKG","L",4768,328,1700,-1.20215036544814,1.12513593799349
"7760","PORT ARTHUR","CTR","TX","PKG","L",3946,328,1700,-1.24558115146633,1.08248592347683
"7109","SHREVEPORT AIRPORT","ARPT","LA","APT","T",1139999,403,1700,-1.21320046893978,1.11122192229829
"7119","SHREVEPORT HUB","HUB","LA","HUB","N",20000,403,2200,-1.21233565486083,1.11091968207494
"6400","HIGGINSVILLE","CTR","MO","PKG","L",2167,328,1700,-1.12863968162795,1.18812324469107
"5029","DES MOINES","ARPT","IA","APT","A",1069999,150,900,-1.09650936262666,1.21657929008725
"5000","AMES","CTR","IA","PKG","L",5084,328,1700,-1.08960042327255,1.2219444811754
"5021","DES MOINES WEST","CTR","IA","PKG","P",1209999,403,400,-1.09467074419347,1.21698131331323
"6460","CHILLICOTHE","CTR","MO","PKG","L",5043,328,1700,-1.11785215567596,1.19455051037307
"5571","GUNN","CTR","MN","PKG","L",5357,328,1700,-1.02127226696984,1.28423971391613
"5599","MAPLE GROVE HUB","HUB","MN","HUB","P",101999,403,400,-1.04799808356573,1.25746733265642
"5661","INTERNTNL FALLS","CTR","MN","PKG","L",780,328,1700,-1.00235798524101,1.29978468961534
"6559","SPRINGFIELD AIRPORT","ARPT","MO","APT","P",1189999,403,400,-1.14847493901215,1.16303039073385
"5591","ALBERT LEA","CTR","MN","PKG","L",4791,328,1700,-1.06672893802549,1.23893993556025
"5502","FARIBAULT","CTR","MN","PKG","L",988,328,1700,-1.05753918968794,1.24646215029491
"5504","OWATONNA","CTR","MN","PKG","L",6447,328,1700,-1.05996619387096,1.24371889688043
"6560","SPRINGFIELD EXT.","CTR","MO","PKG","P",1019999,403,400,-1.14749370713988,1.16151782555624
"5534","ISANTI","CTR","MN","PKG","L",3212,328,1700,-1.04165709674497,1.26059822550034
"6530","SEDALIA","CTR","MO","PKG","L",3209,328,1700,-1.12900949209189,1.17869459630118
"5529","MINNE/STPAUL","ARPT","MN","APT","S",8534,403,300,-1.04959186985991,1.25285308777317
"5040","MASON CITY","CTR","IA","PKG","L",4709,328,1700,-1.07178285923939,1.2319238110745
"6561","BRANSON CENTER","CTR","MO","PKG","L",4084,328,1700,-1.15504523792995,1.15386500815791
"5540","MINNEAPOLIS-DOWNTOWN","CTR","MN","PKG","P",1019999,403,400,-1.04772546564901,1.25427075221225
"7069","LAKE CHARLES HUB","HUB","LA","HUB","L",3288,328,1700,-1.23473743620756,1.07829736409017
"7260","HARRISON","CTR","AR","PKG","L",3124,328,1700,-1.15882803484715,1.14874484073972
"7280","RUSSELVILLE","CTR","AR","PKG","L",4028,328,1700,-1.1709056001211,1.13723021210605
"7190","HOT SPRINGS","CTR","AR","PKG","L",5138,328,1700,-1.1804193226602,1.12811927425564
"5519","SAINT PAUL","HUB","MN","HUB","N",95000,403,2200,-1.0490395304986,1.25120285480886
"7140","NATCHITOCHES","CTR","LA","PKG","L",1994,328,1700,-1.21443394069449,1.09538836784689
"5010","MARSHALTOWN","CTR","IA","PKG","L",4834,328,1700,-1.08310132408995,1.21534488057701
"7171","CAMDEN","CTR","AR","PKG","L",2076,328,1700,-1.18922720060425,1.11403054941246
"7191","MALVERN","CTR","AR","PKG","L",1542,328,1700,-1.17926383911428,1.1233916148387
"6500","CAMDENTON","CTR","MO","PKG","L",4918,328,1700,-1.13285888824253,1.16562901191716
"5255","OSKALOOSA","CTR","IA","PKG","L",3709,328,1700,-1.09010361532037,1.2042564010564
"7123","RUSTON","CTR","LA","PKG","L",3699,328,1700,-1.20049390289311,1.0995012512827
"5501","RED WING","CTR","MN","PKG","L",4882,328,1700,-1.04782326877856,1.2429269132051
"5570","VIRGINIA","CTR","MN","PKG","L",5951,328,1700,-1.00913762865928,1.27949041736724
"6350","KIRKSVILLE","CTR","MO","PKG","L",3459,328,1700,-1.10449051624766,1.18885107747629
"5590","ROCHESTER-ROCHESTER","CTR","MN","PKG","L",1894,328,1700,-1.05393547966782,1.2359945863928
"7170","EL DORADO","CTR","AR","PKG","L",2138,328,1700,-1.19151888201445,1.10515306543523
"7130","ALEXANDRIA","CTR","LA","PKG","L",3124,328,1700,-1.21444886936634,1.08258462588575
"5250","OTTUMWA","CTR","IA","PKG","L",4167,328,1700,-1.09175638107055,1.1986789810773
"7200","CONWAY","CTR","AR","PKG","L",3083,328,1700,-1.16631670810067,1.12752916116164
"7263","MOUNTAIN HOME","CTR","AR","PKG","L",2528,328,1700,-1.15049311775589,1.14214427902749
"5471","BALDWIN","CTR","WI","PKG","L",3944,328,1700,-1.04076900380374,1.24624877396018
"5070","WATERLOO","CTR","IA","PKG","L",3626,328,1700,-1.07207108401443,1.21573289412265
"6529","COLUMBIA","HUB","MO","HUB","P",10640,403,400,-1.1165402851977,1.17278270578641
"7209","LITTLE ROCK","ARPT","AR","APT","M",750000,400,600,-1.16914196913248,1.12119732308819
"6510","JEFFERSON CITY","CTR","MO","PKG","L",4042,328,1700,-1.1206013196507,1.16718361248157
"7120","MONROE","CTR","LA","PKG","L",4316,328,1700,-1.19535079304592,1.09340835410192
"7051","OPELOUSAS","CTR","LA","PKG","L",3864,328,1700,-1.22082522712648,1.06873383381627
"7160","PINE BLUFF","CTR","AR","PKG","L",5015,328,1700,-1.17329493021814,1.11325807767703
"7059","LAFAYETTE AIRPORT","ARPT","LA","APT","S",910000,403,300,-1.22291251220944,1.06518743348109
"7229","LITTLE ROCK","HUB","AR","HUB","N",76000,403,2200,-1.17293302920264,1.11292999291499
"7050","LAFAYETTE","CTR","LA","PKG","L",4234,328,1700,-1.2232846421951,1.06458203348264
"6570","WILLOW SPRINGS","CTR","MO","PKG","L",3501,328,1700,-1.1383071645982,1.14570616064859
"5210","DECORAH","CTR","IA","PKG","L",3959,328,1700,-1.05714872217676,1.22035804952557
"7052","NEW IBERIA","CTR","LA","PKG","L",4110,328,1700,-1.22342065239715,1.06012425711495
"5486","RICE LAKE","CTR","WI","PKG","L",3183,328,1700,-1.02861722093528,1.24680688708614
"6540","ROLLA","CTR","MO","PKG","L",4709,328,1700,-1.12357953322696,1.15520612879724
"7210","SEARCY","CTR","AR","PKG","L",3247,328,1700,-1.15768910271836,1.12221974634059
"5249","CEDAR RAPIDS","ARPT","IA","APT","A",1049999,150,900,-1.07409449602322,1.20219545205869
"5240","HIAWATHA","CTR","IA","PKG","L",3501,328,1700,-1.07200235872568,1.20400347555198
"7250","BATESVILLE","CTR","AR","PKG","L",4563,328,1700,-1.15083107551477,1.12728334843598
"5592","WINONA","CTR","MN","PKG","L",6692,328,1700,-1.0460394816285,1.22777790480228
"5220","CORALVILLE","CTR","IA","PKG","L",5001,328,1700,-1.07562390364769,1.19879894383358
"6340","PALMYRA","CTR","MO","PKG","L",2862,328,1700,-1.0988660345295,1.17517143990465
"7122","DELHI","CTR","LA","PKG","L",1665,328,1700,-1.18994382503995,1.08681512795112
"5470","EAU CLAIRE","CTR","WI","PKG","L",2273,328,1700,-1.03505745215592,1.23583842621722
"7161","DERMOTT","CTR","AR","PKG","L",3741,328,1700,-1.17596371105084,1.09872569566631
"3910","NATCHEZ (7131)","CTR","MS","PKG","L",5935,328,1700,-1.20056982250047,1.07449033986047
"6230","QUINCY","CTR","IL","PKG","L",4500,328,1700,-1.09492511429586,1.17631435343363
"6330","BOWLING GREEN","CTR","MO","PKG","L",2438,328,1700,-1.10185841595662,1.16687103214728
"5460","LA CROSSE","CTR","WI","PKG","L",4501,328,1700,-1.04498334362276,1.22202929199211
"7089","PORT ALLEN HUB","HUB","LA","HUB","L",3151,328,1700,-1.21194760426421,1.05963396890046
"5260","BURLINGTON","CTR","IA","PKG","L",3292,328,1700,-1.08292807745205,1.18448175646844
"7080","BAKER","CTR","LA","PKG","L",3165,328,1700,-1.21035771038407,1.06012123824741
"3870","GREENVILLE","CTR","MS","PKG","L",4139,328,1700,-1.17376589971917,1.09350752849503
"6300","UNION","CTR","MO","PKG","L",3959,328,1700,-1.11084964878385,1.15372797609174
"7241","POCAHANTAS","CTR","AR","PKG","L",2240,328,1700,-1.13823241948804,1.12627570045399
"7031","GONZALES","CTR","LA","PKG","L",3124,328,1700,-1.21178869865314,1.05391917508464
"3911","VICKSBURG","CTR","MS","PKG","L",5216,328,1700,-1.18447609885766,1.07853113915362
"7030","HOUMA","CTR","LA","PKG","L",4727,328,1700,-1.21671731453642,1.04613018620585
"7230","FORREST CITY","CTR","AR","PKG","L",4686,328,1700,-1.1511302073842,1.10992763386057
"5200","DUBUQUE","CTR","IA","PKG","L",3209,328,1700,-1.05658304766519,1.20028573972152
"7240","JONESBORO CENTER","CTR","AR","PKG","L",3494,328,1700,-1.14011476586989,1.11824631293815
"5289","DAVENPORT","HUB","IA","HUB","N",29000,403,2200,-1.06774897495956,1.18829086455441
"6126","ROCK ISLAND","CTR","IL","PKG","L",2550,328,1700,-1.06912032520042,1.18607134126829
"7045","HAMMOND","CTR","LA","PKG","L",4275,328,1700,-1.20369605753164,1.05257523874244
"6309","EARTH CITY","HUB","MO","HUB","N",100000,403,2200,-1.10170591015272,1.15254439418192
"3961","MCCOMB","CTR","MS","PKG","L",4376,328,1700,-1.19428894617615,1.06123413715459
"6140","GALESBURG","CTR","IL","PKG","L",5904,328,1700,-1.07441282011277,1.17823985847582
"6360","FARMINGTON","CTR","MO","PKG","L",3542,328,1700,-1.11340373228697,1.13979073661467
"6390","THREE RIVERS","CTR","MO","PKG","L",4293,328,1700,-1.12605461955223,1.12724580941039
"6302","CRYSTAL CITY","CTR","MO","PKG","L",5084,328,1700,-1.10814885002857,1.14480021687874
"6329","LAMBERT (ST. LOUIS)","ARPT","MO","APT","S",2460,403,300,-1.10092284386652,1.15108519235157
"5580","DULUTH (5482)","CTR","MN","PKG","L",2768,328,1700,-0.987382688931677,1.26278894274605
"7009","NEW ORLEANS AIRPORT","ARPT","LA","APT","T",960,403,1700,-1.20779922453312,1.04413762350694
"6463","Customer Location","CSL","MO","CSL","L",1239999,328,1700,-1.10033010861105,1.1492000856488
"6265","JACKSONVILLE","CTR","IL","PKG","L",2813,328,1700,-1.08762152060339,1.1617374810589
"7019","NEW ORLEANS HUB","HUB","LA","HUB","N",41000,403,2200,-1.20794401022455,1.04265283273694
"3920","JACKSON-METRO","CTR","MS","PKG","P",1079999,403,400,-1.17921395092967,1.0710333886701
"3890","GREENWOOD","CTR","MS","PKG","L",4348,328,1700,-1.16407237729778,1.08576634128418
"7049","EARHART HUB","HUB","LA","HUB","L",4275,328,1700,-1.20701000032034,1.04293534180629
"6319","JEFFERSON AVE","HUB","MO","HUB","P",7004,403,400,-1.10032824508694,1.14838707574287
"4993","BESSEMER (5480)","CTR","MI","PKG","L",3258,328,1700,-1.00261501805196,1.2446696642471
"5384","Customer Location","CSL","WI","CSL","L",840000,328,1700,-1.04638966273956,1.20113323075431
"5380","DODGEVILLE","CTR","WI","PKG","L",3125,328,1700,-1.04626168694806,1.20101645297098
"7040","COVINGTON","CTR","LA","PKG","L",4152,328,1700,-1.20072327921678,1.04724865175746
"7020","HARVEY","CTR","LA","PKG","L",4645,328,1700,-1.20726741112978,1.04073975068577
"3909","JACKSON AIRPORT","ARPT","MS","APT","S",830000,403,300,-1.17735878602419,1.07013423559038
"6220","BELLEVILLE","CTR","IL","PKG","L",5850,328,1700,-1.10079866051868,1.14593194017862
"6200","ALTON","CTR","IL","PKG","L",3307,328,1700,-1.09648439344517,1.1499297512728
"3819","MEMPHIS HUB","HUB","TN","HUB","P",6402,403,400,-1.14290719973488,1.10287691367473
"3861","HERNANDO","CTR","MS","PKG","L",5372,328,1700,-1.14569608810771,1.0995164048169
"3834","Customer Location","CSL","MS","CSL","L",1189999,328,1700,-1.14275824243342,1.10223692377782
"3860","BATESVILLE","CTR","MS","PKG","L",3716,328,1700,-1.15159135287772,1.09309038296226
"7231","BLYTHEVILLE","CTR","AR","PKG","L",2055,328,1700,-1.13202943782409,1.11209329208655
"3809","BARTLETT HUB","HUB","TN","HUB","P",7284,403,400,-1.13898251919423,1.10228360869575
"5390","LAKE DELTON","CTR","WI","PKG","L",4100,328,1700,-1.0381966599429,1.2024920774875
"6100","ROCK FALLS","CTR","IL","PKG","L",3516,328,1700,-1.05720602137986,1.18203428720785
"3900","KOSCIUSKO","CTR","MS","PKG","L",4566,328,1700,-1.16466810337768,1.07471380476841
"5440","WAUSAU","CTR","WI","PKG","L",4600,328,1700,-1.01695836342415,1.2214230002773
"6103","FREEPORT","CTR","IL","PKG","L",5527,328,1700,-1.04996846935162,1.18792027667348
"6270","SPRINGFIELD","CTR","IL","PKG","L",7274,328,1700,-1.0810659749011,1.15667815536993
"6380","SIKESTON","CTR","MO","PKG","L",3626,328,1700,-1.11691952123103,1.1204879401195
"6160","PEORIA","CTR","IL","PKG","L",5648,328,1700,-1.0698871793097,1.16741659287282
"6169","GREATER PEORIA","ARPT","IL","APT","S",3690,403,300,-1.06936385861241,1.16790015491293
"5449","STEVENS POINT","HUB","WI","HUB","L",9418,328,1700,-1.02198792621643,1.21488044091941
"6370","CAPE GIRARDEAU","CTR","MO","PKG","L",4834,328,1700,-1.11204498832271,1.12479113719323
"5371","MIDDLETON","CTR","WI","PKG","L",6750,328,1700,-1.03907747195454,1.19699490155772
"3800","DYERSBURG","CTR","TN","PKG","L",5690,328,1700,-1.12540158854887,1.10841071183549
"5450","RHINELANDER","CTR","WI","PKG","L",3750,328,1700,-1.00627697670274,1.22770874346437
"5370","CAPITAL","CTR","WI","PKG","L",4846,328,1700,-1.03783090143101,1.19474074025758
"3940","HATTIESBURG","CTR","MS","PKG","L",4478,328,1700,-1.18132830045905,1.05062058681924
"3941","LAUREL","CTR","MS","PKG","L",3965,328,1700,-1.17528171948872,1.05311051636176
"6280","CENTRALIA","CTR","IL","PKG","L",5316,328,1700,-1.0922822983904,1.13633928838147
"6135","PERU","CTR","IL","PKG","L",4292,328,1700,-1.05738997989711,1.17118814892509
"6119","ROCKFORD AIR HUB","HUB","IL","HUB","N",135023,403,2200,-1.04640057512355,1.18183259661684
"3950","GULFPORT","CTR","MS","PKG","L",3556,328,1700,-1.19043749813274,1.03659195222097
"5354","JANESVILLE-JANESVILL","CTR","WI","PKG","L",3690,328,1700,-1.03991985064248,1.18729195461618
"6170","BLOOMINGTON","CTR","IL","PKG","L",9382,328,1700,-1.06729965614553,1.15935195826457
"3831","TRENTON","CTR","TN","PKG","L",5202,328,1700,-1.1214366067858,1.10340400286303
"6252","DECATUR","CTR","IL","PKG","L",6445,328,1700,-1.07369957181463,1.15162229145855
"6290","MARION","CTR","IL","PKG","L",3465,328,1700,-1.09975674696215,1.12497397578521
"6259","DECATUR","HUB","IL","HUB","N",20000,403,2200,-1.073730070692,1.15122786676568
"3830","JACKSON-JACKSON","CTR","TN","PKG","L",3666,328,1700,-1.12375645356658,1.09779432200842
"6011","DE KALB","CTR","IL","PKG","L",4501,328,1700,-1.04715050952697,1.1751179839066
"3930","MERIDIAN","CTR","MS","PKG","L",4470,328,1700,-1.16334112336064,1.05668147932054
"3880","TUPELO","CTR","MS","PKG","L",4560,328,1700,-1.1403978953415,1.07963112525119
"5301","WATERTOWN","CTR","WI","PKG","L",4000,328,1700,-1.03086556879588,1.19061554465625
"3951","PASCAGOULA","CTR","MS","PKG","L",3737,328,1700,-1.18583616545577,1.03196720771674
"3970","COLUMBUS","CTR","MS","PKG","L",4350,328,1700,-1.14837428667102,1.06980289299393
"3801","SELMER","CTR","TN","PKG","L",4421,328,1700,-1.12782919765968,1.08924153052237
"3881","BOONEVILLE","CTR","MS","PKG","L",4741,328,1700,-1.13310399682281,1.08363515542076
"4992","HOUGHTON","CTR","MI","PKG","L",4833,328,1700,-0.980169865724006,1.23915292557616
"5490","OSHKOSH","CTR","WI","PKG","L",8036,328,1700,-1.01818976325169,1.2002829724744
"4200","PADUCAH","CTR","KY","PKG","L",2748,328,1700,-1.10447846141559,1.11232022965126
"6193","MATTOON","CTR","IL","PKG","L",4250,328,1700,-1.07325142155351,1.14104094843468
"3820","PARIS","CTR","TN","PKG","L",1399,328,1700,-1.11113920762935,1.10078782750882
"6195","Customer Location","CSL","IL","CSL","L",1019999,328,1700,-1.06395198302531,1.1486675919416
"3669","MOBILE","ARPT","AL","APT","S",1275,403,300,-1.17803715768777,1.03134481856278
"6182","URBANA","CTR","IL","PKG","L",5001,328,1700,-1.06375970692901,1.14783498475181
"6206","Customer Location","CSL","IL","CSL","L",1239999,328,1700,-1.04339455308806,1.16830218349317
"6043","JOLIET","CTR","IL","PKG","L",1747,328,1700,-1.04596027131673,1.16426707516494
"3660","MOBILE-EAST","CTR","AL","PKG","L",5533,328,1700,-1.17589174359128,1.03089799888189
"5329","ELM GROVE","HUB","WI","HUB","P",21673,403,400,-1.02698327544921,1.18339929707944
"6245","OLNEY","CTR","IL","PKG","L",2813,328,1700,-1.07966732584625,1.12904877574819
"5430","LOMBARDI","CTR","WI","PKG","L",7188,328,1700,-1.008367487511,1.20217642417105
"4980","IRON MOUNTAIN (5415)","CTR","MI","PKG","L",4160,328,1700,-0.992456134688646,1.21841701286819
"6029","PALATINE","HUB","IL","HUB","P",30707,403,400,-1.03733674017648,1.17141330065837
"6039","ADDISON","HUB","IL","HUB","N",91813,403,2200,-1.03986483133244,1.16862643401463
"6051","WESTMONT","CTR","IL","PKG","L",3102,328,1700,-1.04131744532935,1.16633116024791
"5431","BAYVIEW","CTR","WI","PKG","L",4480,328,1700,-1.00748564591043,1.20006052981441
"5319","OAK CREEK","HUB","WI","HUB","D",76000,478,1100,-1.02528079350098,1.18157433038142
"5339","MITCHELL FIELD (MIL)","ARPT","WI","APT","S",2825,403,300,-1.02631277547519,1.18049767934304
"6089","O'HARE(CHGO)AIRPORT","ARPT","IL","APT","S",6660,403,300,-1.0383257564297,1.16793836580401
"6000","WAUKEGAN","CTR","IL","PKG","L",2553,328,1700,-1.03310073671933,1.17330436117484
"6019","FRANKLIN PARK","HUB","IL","HUB","P",13034,403,400,-1.03844705604645,1.16763721240174
"5340","LAKESIDE","CTR","WI","PKG","L",5327,328,1700,-1.0291376337187,1.17717100157085
"6090","KANKAKEE","CTR","IL","PKG","L",3302,328,1700,-1.04874823823737,1.15668372811296
"3550","WINFIELD-WINFIELD","CTR","AL","PKG","L",4887,328,1700,-1.1347983108382,1.06760013694227
"6009","NORTHBROOK","HUB","IL","HUB","P",13336,403,400,-1.03581521520271,1.16915165970218
"6049","BEDFORD PARK","HUB","IL","HUB","P",13067,403,400,-1.03966345797649,1.16437929842033
"3690","THOMASVILLE","CTR","AL","PKG","L",5422,328,1700,-1.15783211079247,1.04185869139689
"5300","SHEBOYGAN","CTR","WI","PKG","L",3643,328,1700,-1.01526433676986,1.18889871015233
"3650","LOXLEY","CTR","AL","PKG","L",4448,328,1700,-1.17389851676838,1.02460522162295
"3560","FLORENCE","CTR","AL","PKG","L",4691,328,1700,-1.12346514491967,1.07540829341044
"6041","HARVEY-HARVEY","CTR","IL","PKG","L",5948,328,1700,-1.04045514823492,1.1609155534266
"5414","MARINETTE (4984)","CTR","WI","PKG","L",3020,328,1700,-0.997500739487449,1.20526610780195
"6063","LINCOLN PARK","CTR","IL","PKG","P",920000,403,400,-1.03703856163643,1.16437035309118
"6183","DANVILLE","CTR","IL","PKG","L",5136,328,1700,-1.05838614922481,1.14210248509821
"6059","CACH","HUB","IL","HUB","D",295000,478,1100,-1.03872562347051,1.16184364205804
"4770","EVANSVILLE","CTR","IN","PKG","L",5496,328,1700,-1.08313078967047,1.11517620488672
"3540","TUSCALOOSA","CTR","AL","PKG","L",5231,328,1700,-1.14085598402491,1.05513539222791
"4635","HAMMOND-HAMMOND","CTR","IN","PKG","L",6139,328,1700,-1.03922909584738,1.15977968156711
"4243","MADISONVILLE","CTR","KY","PKG","L",4439,328,1700,-1.08988697167869,1.1067111480546
"4224","HOPKINSVILLE","CTR","KY","PKG","L",3206,328,1700,-1.09604407937362,1.09974605051468
"4985","MARQUETTE","CTR","MI","PKG","L",5481,328,1700,-0.977040639097167,1.22194892190261
"3704","DICKSON","CTR","TN","PKG","L",7800,328,1700,-1.10438100934092,1.08939703742282
"3840","LAWRENCEBURG-LAWRNCB","CTR","TN","PKG","L",3776,328,1700,-1.11367298535835,1.07870329660018
"4780","TERRE HAUTE","CTR","IN","PKG","L",5504,328,1700,-1.06344553215182,1.13079864657501
"3702","CLARKSVILLE","CTR","TN","PKG","L",4882,328,1700,-1.09867994256628,1.09415605151259
"3250","PENSACOLA-SOUTH","CTR","FL","PKG","L",5233,328,1700,-1.17026181506405,1.01917782249565
"4750","WASHINGTON","CTR","IN","PKG","L",5360,328,1700,-1.07141865281394,1.11971217739515
"4230","OWENSBORO","CTR","KY","PKG","L",3541,328,1700,-1.08162572723642,1.1084689085841
"4989","ESCANABA","HUB","MI","HUB","L",1059999,328,1700,-0.983905420658514,1.20921207545051
"3562","DECATUR","CTR","AL","PKG","L",5564,328,1700,-1.11831715951478,1.06803030842647
"3841","COLUMBIA","CTR","TN","PKG","L",4821,328,1700,-1.10679820211536,1.08001105948083
"4754","HUNTINGBURG","CTR","IN","PKG","L",3315,328,1700,-1.07353790971512,1.11330214376745
"3561","HARTSELLE","CTR","AL","PKG","L",3584,328,1700,-1.11976735080346,1.06393163634314
"4636","TRI-CITY - WEST","CTR","IN","PKG","L",3680,328,1700,-1.0340151080523,1.15364783289021
"4793","CRAWFORDSVILLE","CTR","IN","PKG","L",2866,328,1700,-1.05196804190739,1.13477531810641
"4790","LAFAYETTE","CTR","IN","PKG","L",3600,328,1700,-1.04703182294727,1.13887953962345
"3509","BIRMINGHAM HUB","HUB","AL","HUB","L",7259,328,1700,-1.13027351726212,1.05142830521164
"3640","EVERGREEN","CTR","AL","PKG","L",3791,328,1700,-1.15396946148675,1.02647719377704
"3701","FRANKLIN","CTR","TN","PKG","L",5191,328,1700,-1.10021282974523,1.08257974266525
"3539","ROEBUCK","HUB","AL","HUB","L",7981,328,1700,-1.12806539973616,1.05218029932334
"3719","WHITES CREEK HUB","HUB","TN","HUB","D",108000,478,1100,-1.09784852549888,1.08371381916108
"3529","BIRMINGHAM GATEWAY","ARPT","AL","APT","S",1875,403,300,-1.12798303099295,1.05190688004653
"3729","NASHVILLE HUB","HUB","TN","HUB","P",8610,403,400,-1.09682045374424,1.0836538691403
"3251","FT WALTON BEACH","CTR","FL","PKG","L",6407,328,1700,-1.164066749309,1.01142613836727
"3570","HUNTSVILLE-EAST","CTR","AL","PKG","L",8525,328,1700,-1.11158854854851,1.06560424005478
"4740","BLOOMINGTON","CTR","IN","PKG","L",5057,328,1700,-1.05963323520368,1.12031016830288
"4210","BOWLING GREEN","CTR","KY","PKG","L",3908,328,1700,-1.08484429921412,1.09192507526602
"4902","ST JOSEPH-ST JOSEPH","CTR","MI","PKG","L",5349,328,1700,-1.02355417293767,1.15615734425028
"4943","LUDINGTON","CTR","MI","PKG","L",4312,328,1700,-1.00028184069943,1.18008081398494
"3711","MURFREESBORO-MRFRSBR","CTR","TN","PKG","L",3939,328,1700,-1.09741419330294,1.0770426773375
"3500","GOODWATER","CTR","AL","PKG","L",4634,328,1700,-1.12776316622672,1.04289076154705
"3609","MONTGOMERY HUB","HUB","AL","HUB","N",56000,403,2200,-1.13681506728489,1.03328706463497
"4660","SOUTH BEND","CTR","IN","PKG","L",7196,328,1700,-1.02624834023899,1.15027958669049
"4629","INDY 81ST","HUB","IN","HUB","D",144000,478,1100,-1.04750370680876,1.1268406161548
"4944","MUSKEGON-MUSKEGON","CTR","MI","PKG","L",5347,328,1700,-1.00729259687517,1.16868756716484
"3710","TULLAHOMA","CTR","TN","PKG","L",4514,328,1700,-1.10091166243032,1.06904950771621
"4619","INDY 16TH ST","HUB","IN","HUB","P",12824,403,400,-1.04804673374712,1.12467413557233
"4650","BOURBON","CTR","IN","PKG","L",4694,328,1700,-1.02958356894619,1.1435370482696
"4690","KOKOMO","CTR","IN","PKG","L",2547,328,1700,-1.03890626652234,1.13301418992474
"3590","GADSDEN","CTR","AL","PKG","L",3398,328,1700,-1.11568341027202,1.05121008619678
"4624","CASTLETON","CTR","IN","PKG","L",2940,328,1700,-1.0452560433874,1.12502013557974
"4651","ELKHART","CTR","IN","PKG","L",10816,328,1700,-1.02387273270937,1.14688340467391
"4720","COLUMBUS","CTR","IN","PKG","L",3807,328,1700,-1.05245087429066,1.11440884613465
"3631","ENTERPRISE","CTR","AL","PKG","L",4074,328,1700,-1.14492647851741,1.01535665975685
"3620","ANNISTON","CTR","AL","PKG","L",3339,328,1700,-1.11797010380703,1.04351421213113
"4715","CLARKSVILLE CENTER","CTR","IN","PKG","L",3170,328,1700,-1.06129483230597,1.10234277721631
"4009","GRADE LANE HUB","HUB","KY","HUB","D",104120,478,1100,-1.06280675417887,1.1000119160174
"3571","FT PAYNE","CTR","AL","PKG","L",4913,328,1700,-1.1062645189902,1.05300234965496
"4004","Customer Location","CSL","KY","CSL","L",900000,328,1700,-1.06230012248912,1.09985438866379
"4959","GRAND RAPIDS","HUB","MI","HUB","N",54000,403,2200,-1.00654467467994,1.1594742331317
"4909","KALAMAZOO","HUB","MI","HUB","L",10399,328,1700,-1.01393074259955,1.15154805087512
"4601","ANDERSON","CTR","IN","PKG","L",3508,328,1700,-1.03953674359895,1.12404861241398
"4695","MARION","CTR","IN","PKG","L",4280,328,1700,-1.03396113833198,1.12944120960701
"3240","PANAMA CITY","CTR","FL","PKG","L",5755,328,1700,-1.15573488689812,0.99900577403172
"4961","TRAVERSE CITY CENTER","CTR","MI","PKG","L",3579,328,1700,-0.983268988025188,1.18281720821244
"4022","BLUEGRASS NORTH","CTR","KY","PKG","L",4183,328,1700,-1.06055604179737,1.09900541826975
"3241","CHIPLEY","CTR","FL","PKG","L",3679,328,1700,-1.14798026137909,1.00466468922999
"3850","COOKEVILLE-COOKEVILL","CTR","TN","PKG","L",2464,328,1700,-1.08456935124056,1.07225323794289
"4930","BIG RAPIDS","CTR","MI","PKG","L",3909,328,1700,-0.994048924797731,1.16872753233092
"3854","SPARTA","CTR","TN","PKG","L",1583,328,1700,-1.08671067745484,1.06917058178018
"3630","DOTHAN","CTR","AL","PKG","L",3598,328,1700,-1.14124047424966,1.01009059114583
"4730","MUNCIE","CTR","IN","PKG","L",5592,328,1700,-1.03609414285806,1.12245536046555
"4960","CADILLAC","CTR","MI","PKG","L",3107,328,1700,-0.987044633391117,1.17488909375148
"4271","CAMPBELLSVILLE","CTR","KY","PKG","L",3994,328,1700,-1.06916508697682,1.0859271825597
"3680","OPELIKA","CTR","AL","PKG","L",3672,328,1700,-1.12405315883033,1.02665536631671
"4724","VERSAILLES","CTR","IN","PKG","L",4143,328,1700,-1.04765079961623,1.10707275478572
"3010","ROME","CTR","GA","PKG","L",4850,328,1700,-1.10393673948792,1.0461418186223
"4679","FWA","ARPT","IN","APT","A",760000,150,900,-1.02428165530008,1.13110957663334
"4901","BATTLE CREEK","CTR","MI","PKG","L",6622,328,1700,-1.00830404633733,1.14819927687353
"3749","CHATTANOOGA","HUB","TN","HUB","P",8700,403,400,-1.09398472232157,1.0556873077883
"4116","Customer Location","CSL","KY","CSL","L",990000,328,1700,-1.05143759514692,1.1014277708468
"4689","FORT WAYNE","HUB","IN","HUB","L",8505,328,1700,-1.02259526066372,1.13249838021859
"3022","CARROLLTON","CTR","GA","PKG","L",4974,328,1700,-1.1104318690087,1.03603939326904
"4675","WATERLOO","CTR","IN","PKG","L",4884,328,1700,-1.01749039270846,1.13554627107776
"3025","LA GRANGE","CTR","GA","PKG","L",4069,328,1700,-1.11676527157089,1.02788518592227
"3070","DALTON","CTR","GA","PKG","L",2928,328,1700,-1.09638119176265,1.04897653799315
"4737","CENTERVILLE","CTR","IN","PKG","L",2833,328,1700,-1.03607978776182,1.11425941746367
"3190","COLUMBUS-COLUMBUS","CTR","GA","PKG","L",8572,328,1700,-1.12147583628494,1.02141295534944
"4977","PETOSKEY","CTR","MI","PKG","L",3011,328,1700,-0.969447011835951,1.18586983603409
"3731","CLEVELAND","CTR","TN","PKG","L",5468,328,1700,-1.09032451144416,1.05371661541869
"4047","DANVILLE","CTR","KY","PKG","L",3456,328,1700,-1.05972821221609,1.08458820049434
"4885","MOUNT PLEASANT","CTR","MI","PKG","L",2831,328,1700,-0.988804786644333,1.16127069016294
"4972","GAYLORD","CTR","MI","PKG","L",3450,328,1700,-0.971197394952635,1.17891554196098
"4250","SOMERSET","CTR","KY","PKG","L",4425,328,1700,-1.06469474814287,1.07612918859167
"3012","ACWORTH","CTR","GA","PKG","L",4648,328,1700,-1.10005959738256,1.03754190470645
"4899","CAPITAL CITY(LANSING","ARPT","MI","APT","S",103999,403,300,-0.997319046641094,1.14895087239675
"3059","FOREST PARK","HUB","GA","HUB","N",27001,403,2200,-1.10562589406691,1.03074713075706
"4101","KENTUCKY VIEW CENTER","CTR","KY","PKG","L",4908,328,1700,-1.04212143845538,1.09995883069226
"4971","RUDYARD","CTR","MI","PKG","L",3495,328,1700,-0.955686789493856,1.19421406291699
"3730","ATHENS","CTR","TN","PKG","L",4374,328,1700,-1.08347539102622,1.0546872771843
"3026","FAYETTE","CTR","GA","PKG","L",4357,328,1700,-1.10739105747156,1.02827330027487
"4501","HAMILTON","CTR","OH","PKG","L",4224,328,1700,-1.03701544452565,1.10463087513133
"4581","CELINA","CTR","OH","PKG","L",4262,328,1700,-1.02293078289821,1.11968924383902
"3002","ATLANTA-SMYRNA","CTR","GA","PKG","P",1049999,403,400,-1.10250791821937,1.03280645454656
"4529","CINCINNATI","HUB","OH","HUB","P",23139,403,400,-1.03984279011347,1.10117308060887
"4059","LEXINGTON","HUB","KY","HUB","D",73000,478,1100,-1.05200689714326,1.08769976735882
"4890","LANSING-NORTH","CTR","MI","PKG","L",5417,328,1700,-0.997740271747259,1.14695765362386
"4519","SHARONVILLE","HUB","OH","HUB","N",74000,403,2200,-1.03704216839955,1.10215501196435
"3029","HARTSFIELD (ATLANTA)","HUB","GA","HUB","S",7075,403,300,-1.10254541873913,1.0304248015967
"4920","JACKSON","CTR","MI","PKG","L",3559,328,1700,-1.00174199323809,1.14030799158836
"3230","TALLAHASSEE","CTR","FL","PKG","L",5173,328,1700,-1.13876891411819,0.989267208269946
"4351","DEFIANCE","CTR","OH","PKG","L",3458,328,1700,-1.01222034091634,1.12751794504562
"3782","OLIVER SPRINGS","CTR","TN","PKG","L",4782,328,1700,-1.07385079308044,1.05974497155222
"3019","ROSWELL","HUB","GA","HUB","L",8276,328,1700,-1.09684068097453,1.03438888570389
"3020","GRIFFIN","CTR","GA","PKG","L",4398,328,1700,-1.10533602350468,1.02351058391819
"3009","PLEASANTDALE","HUB","GA","HUB","D",91000,478,1100,-1.09777712910164,1.03167833700798
"4539","WEST CARROLTON","HUB","OH","HUB","L",19151,328,1700,-1.03040014688536,1.10558366215712
"4535","PIQUA","CTR","OH","PKG","L",1575,328,1700,-1.02459034863752,1.11179774739578
"4866","WEST BRANCH","CTR","MI","PKG","L",3969,328,1700,-0.975908250285345,1.16515177809289
"3172","CAIRO","CTR","GA","PKG","L",5139,328,1700,-1.13240932712297,0.993003134685269
"3189","ALBANY","ARPT","GA","APT","S",2461,403,300,-1.12455783258867,1.00105683146538
"4549","DAYTON SORT","HUB","OH","HUB","L",9103,328,1700,-1.02811199983117,1.10636585919469
"4580","LIMA","CTR","OH","PKG","L",2032,328,1700,-1.01663834027425,1.11823543406708
"3176","ALBANY","CTR","GA","PKG","L",4043,328,1700,-1.1233452724954,1.0005303088279
"4096","LONDON","CTR","KY","PKG","L",5573,328,1700,-1.05876288867864,1.07092245090405
"4922","ADRIAN","CTR","MI","PKG","L",2572,328,1700,-1.00214249306925,1.13233515612235
"3783","MARYVILLE","CTR","TN","PKG","L",3605,328,1700,-1.07382564377396,1.05319349118684
"3789","KNOXVILLE","ARPT","TN","APT","S",2925,403,300,-1.07301572190343,1.05394426110757
"3799","KNOXVILLE","HUB","TN","HUB","D",55000,478,1100,-1.07062771930287,1.05651781951145
"4860","SAGINAW","CTR","MI","PKG","L",3802,328,1700,-0.983081817831575,1.1525246365749
"4517","WILMINGTON","CTR","OH","PKG","L",4697,328,1700,-1.03033377564103,1.09818574674925
"3050","GAINESVILLE","CTR","GA","PKG","L",6349,328,1700,-1.08952197390825,1.03269244524645
"4030","STANTON","CTR","KY","PKG","L",4965,328,1700,-1.04784647437816,1.07867229038018
"4550","SPRINGFIELD","CTR","OH","PKG","L",1619,328,1700,-1.02363932586017,1.10467819391358
"4105","MAYSVILLE (4515)","CTR","KY","PKG","L",1900,328,1700,-1.03807457206134,1.08820720445829
"3100","UNADILLA","CTR","GA","PKG","L",4775,328,1700,-1.11179875771424,1.00586106092574
"4850","FLINT-NORTH","CTR","MI","PKG","L",4260,328,1700,-0.986767275972298,1.14417477487717
"4584","FINDLAY","CTR","OH","PKG","L",4564,328,1700,-1.00852749073546,1.11850462645812
"4369","TOLEDO HUB","HUB","OH","HUB","D",143000,478,1100,-1.0023485502002,1.12532487176313
"4810","YPSILANTI-METRO","CTR","MI","PKG","L",6364,328,1700,-0.99434089882019,1.1334006790215
"3120","MACON","CTR","GA","PKG","L",3782,328,1700,-1.10378674313867,1.01193598696947
"4835","WIXOM","CTR","MI","PKG","L",4559,328,1700,-0.990117105859318,1.13624427462672
"4970","ALPENA","CTR","MI","PKG","L",3702,328,1700,-0.95969249358741,1.16957164282692
"3171","TIFTON","CTR","GA","PKG","P",1199999,403,400,-1.11821363464368,0.993303835928759
"3060","ATHENS","CTR","GA","PKG","L",3165,328,1700,-1.08918667294994,1.02495126204637
"2891","FRANKLIN","CTR","NC","PKG","L",4959,328,1700,-1.07464606493253,1.040163331775
"4820","MONROE","CTR","MI","PKG","L",1901,328,1700,-0.996321230231352,1.12726384573894
"4080","HARLAN","CTR","KY","PKG","L",5749,328,1700,-1.05406612544743,1.06120252688328
"4829","LIVONIA","HUB","MI","HUB","N",45805,403,2200,-0.989731797268784,1.13280199359592
"4849","DETROIT AIRSORT","ARPT","MI","APT","A",1129999,150,900,-0.991653990588685,1.13043400243792
"4805","PONTIAC","CTR","MI","PKG","L",7018,328,1700,-0.986308046588518,1.1362996777861
"4813","TAYLOR","CTR","MI","PKG","L",3151,328,1700,-0.991264535580817,1.13012275015915
"3160","VALDOSTA","CTR","GA","PKG","L",3316,328,1700,-1.1230600740383,0.982789339234646
"4170","HAZARD","CTR","KY","PKG","L",7302,328,1700,-1.04794485073055,1.06551122152192
"3052","CARNESVILLE","CTR","GA","PKG","L",4069,328,1700,-1.08145944431603,1.02801234185559
"2890","SYLVA","CTR","NC","PKG","L",3167,328,1700,-1.06989646946405,1.04082802208423
"3780","MORRISTOWN","CTR","TN","PKG","L",4106,328,1700,-1.05960381002458,1.05200876019959
"4872","CASS CITY","CTR","MI","PKG","L",3476,328,1700,-0.974024150351285,1.14731010530741
"4830","CICOTTE","CTR","MI","PKG","L",9986,328,1700,-0.988195969408076,1.13050823810121
"4329","COLUMBUS","HUB","OH","HUB","D",143000,478,1100,-1.01547028810173,1.09980604928073
"4342","FREMONT","CTR","OH","PKG","L",3688,328,1700,-0.99938256643239,1.11759903301258
"4330","MARION","CTR","OH","PKG","L",3033,328,1700,-1.00784776301869,1.10773487334124
"4809","MADISON HGTS HUB","HUB","MI","HUB","P",19800,403,400,-0.985647995807036,1.13251045073999
"4822","WOODBRIDGE-WOODBRIDG","CTR","MI","PKG","L",14192,328,1700,-0.985800390542004,1.13069690044531
"4566","PORTSMOUTH","CTR","OH","PKG","L",4232,328,1700,-1.02796821519581,1.08300268977488
"4560","CHILLICOTHE-CHILLCTH","CTR","OH","PKG","L",4126,328,1700,-1.0213201273742,1.09026426640984
"4319","OBETZ","HUB","OH","HUB","P",5236,403,400,-1.01480722247431,1.09695811347474
"4339","COLUMBUS","ARPT","OH","APT","A",820000,150,900,-1.01571141077652,1.09579169479421
"4160","PRESTONBURG","CTR","KY","PKG","L",4374,328,1700,-1.03900934162123,1.0664293692182
"3351","PALM HARBOR","CTR","FL","PKG","L",1365,328,1700,-1.14943751075434,0.941405629850227
"3379","PINELLAS","HUB","FL","HUB","P",10920,403,400,-1.15006744354995,0.939694942636645
"3355","PORT RICHEY","CTR","FL","PKG","L",1455,328,1700,-1.14551584634554,0.944662953087667
"2961","ANDERSON","CTR","SC","PKG","L",4974,328,1700,-1.07398937455076,1.02496213419462
"3279","ST PETE AIR SORT","ARPT","FL","APT","S",2320,403,300,-1.14953561039002,0.939605024332154
"3082","WARRENTON","CTR","GA","PKG","L",4023,328,1700,-1.08661242260158,1.01014822195174
"4110","ASHLAND (4565)","CTR","KY","PKG","L",4178,328,1700,-1.02864495062648,1.07540027784869
"3200","LAKE CITY","CTR","FL","PKG","L",5289,328,1700,-1.12289899864919,0.968543130121897
"4487","SANDUSKY","CTR","OH","PKG","L",4551,328,1700,-0.995117719154384,1.11235909869705
"4310","LANCASTER","CTR","OH","PKG","L",4466,328,1700,-1.01361049951806,1.09133092092667
"3352","BRADENTON","CTR","FL","PKG","L",1155,328,1700,-1.15296250597296,0.932850518753563
"4499","MANSFIELD SORT","HUB","OH","HUB","L",6837,328,1700,-1.00071359803693,1.10482416793542
"4150","PIKEVILLE","CTR","KY","PKG","L",5532,328,1700,-1.03917666665848,1.06127124469831
"2870","ASHEVILLE","CTR","NC","PKG","L",7397,328,1700,-1.06056880532369,1.03692352332467
"3350","SARASOTA-NORTH","CTR","FL","PKG","L",6586,328,1700,-1.15412528379545,0.931014353157714
"3363","BAYSIDE","CTR","FL","PKG","L",3420,328,1700,-1.14632103853786,0.939791703848066
"4806","PORT HURON","CTR","MI","PKG","L",3232,328,1700,-0.974402733202509,1.13254478042426
"2874","HENDERSONVILLE","CTR","NC","PKG","L",3535,328,1700,-1.06232915092307,1.03275956435585
"3369","TAMPA-TWILITE","HUB","FL","HUB","P",18240,403,400,-1.14552062168566,0.937387120351316
"3762","JOHNSON CITY","CTR","TN","PKG","L",6564,328,1700,-1.04977316059436,1.04554747735994
"2570","HUNTINGTON","CTR","WV","PKG","L",4697,328,1700,-1.02592431522195,1.0725810977425
"3357","BROOKSVILLE","CTR","FL","PKG","L",1440,328,1700,-1.13769255732491,0.945539078642834
"4305","NEWARK","CTR","OH","PKG","L",3684,328,1700,-1.00705601371813,1.09377524443708
"3260","GAINESVILLE","CTR","FL","PKG","L",6490,328,1700,-1.12514498500119,0.959722899464795
"2960","GREENVILLE-GREENVILL","CTR","SC","PKG","L",4808,328,1700,-1.06721107233026,1.02527182029391
"3040","SWAINSBORO","CTR","GA","PKG","L",4081,328,1700,-1.0924520130622,0.996330746788617
"3150","WAYCROSS","CTR","GA","PKG","L",3633,328,1700,-1.10580353623491,0.979027261870279
"2969","GRNVLE/SPTBURG","ARPT","SC","APT","T",770000,403,1700,-1.06445453129346,1.02591283981687
"3261","OCALA-OCALA","CTR","FL","PKG","L",3781,328,1700,-1.12918335737609,0.951027020866211
"4570","ATHENS","CTR","OH","PKG","L",3809,328,1700,-1.01343499303069,1.0821717124682
"2429","BRISTOL","HUB","VA","HUB","P",9000,403,400,-1.04425597009257,1.04677316865632
"4405","ELYRIA","CTR","OH","PKG","L",3586,328,1700,-0.989430926541879,1.10918599888757
"2963","GREENWOOD","CTR","SC","PKG","L",4604,328,1700,-1.07141816513694,1.01563911220302
"3333","PT. CHARLOTTE","CTR","FL","PKG","L",7200,328,1700,-1.153179203845,0.921364134614382
"3090","AUGUSTA","CTR","GA","PKG","L",4584,328,1700,-1.07932014788156,1.00489490595801
"4370","ZANESVILLE","CTR","OH","PKG","L",3398,328,1700,-1.00514219226979,1.08927525477638
"2560","LOGAN","CTR","WV","PKG","L",6280,328,1700,-1.02970057910418,1.06049629722701
"2939","SPARTANBURG SORT","HUB","SC","HUB","P",15894,403,400,-1.06129623399908,1.02395214215417
"3271","LEESBURG","CTR","FL","PKG","L",1695,328,1700,-1.13024553688307,0.943831521979876
"4460","WOOSTER","CTR","OH","PKG","L",4476,328,1700,-0.99367684791146,1.10001634879128
"3380","LAKELAND-LAKELAND","CTR","FL","PKG","L",3745,328,1700,-1.13910434858919,0.933623510107207
"2460","RICHLANDS","CTR","VA","PKG","L",4424,328,1700,-1.04126379984957,1.04459683671692
"4449","CLEVELAND HOPKINS","ARPT","OH","APT","S",1875,403,300,-0.98649648092653,1.10725754749684
"3390","FORT MYERS NORTH","CTR","FL","PKG","L",2315,328,1700,-1.15453851935072,0.914552842644389
"4419","CLEVELAND","HUB","OH","HUB","L",20916,328,1700,-0.986613394265468,1.10653771528357
"3045","STATESBORO","CTR","GA","PKG","L",4032,328,1700,-1.08907999855729,0.989147600455308
"3303","KEY WEST","CTR","FL","PKG","L",3315,328,1700,-1.17717856138298,0.8870992949328
"3399","REGIONAL SW AIR SORT","ARPT","FL","APT","S",1219999,403,300,-1.15456764322858,0.912875321112016
"3394","NAPLES","CTR","FL","PKG","L",2615,328,1700,-1.15866077084427,0.907688801845113
"3204","JACKSONVILLE-SOUTH","CTR","FL","PKG","P",1049999,403,400,-1.1108752574635,0.961846411043787
"4423","WADSWORTH","CTR","OH","PKG","L",3235,328,1700,-0.989630966803964,1.10082360215384
"2980","AIKEN","CTR","SC","PKG","L",3617,328,1700,-1.0744598844611,1.00341670725226
"2539","CHARLESTON","HUB","WV","HUB","N",20000,403,2200,-1.01991293620439,1.0657865465602
"3219","JACKSONVILLE","ARPT","FL","APT","A",770000,150,900,-1.10873622224661,0.962896321184005
"2519","CHARLESTON","ARPT","WV","APT","S",1009999,403,300,-1.01920525341472,1.06464317740274
"3385","LAKE WALES","CTR","FL","PKG","L",1800,328,1700,-1.13706577236972,0.928728910652051
"4429","MIDDLEBURG HEIGHTS","HUB","OH","HUB","N",85000,403,2200,-0.982030852328015,1.10681931385774
"2864","LENOIR","CTR","NC","PKG","L",4439,328,1700,-1.04668064721278,1.03229120926344
"2610","PARKERSBURG","CTR","WV","PKG","L",4271,328,1700,-1.00841911546625,1.07575418124209
"2810","SHELBY","CTR","NC","PKG","L",4344,328,1700,-1.05296733395657,1.0235721384307
"3151","BRUNSWICK","CTR","GA","PKG","L",4785,328,1700,-1.09898174678835,0.970425994801652
"4439","AKRON","HUB","OH","HUB","L",6061,328,1700,-0.986282450934399,1.09991042532592
"4409","HIGHLAND HEIGHTS","HUB","OH","HUB","L",21407,328,1700,-0.981026944507006,1.10592881573537
"4575","MARIETTA","CTR","OH","PKG","L",4440,328,1700,-1.00540541398306,1.07729190068409
"4479","CANTON SORT","HUB","OH","HUB","L",5662,328,1700,-0.989813999874185,1.09508645063622
"3289","ORLANDO","HUB","FL","HUB","N",57750,403,2200,-1.12840721019541,0.933340974249169
"3270","LONGWOOD","CTR","FL","PKG","L",11780,328,1700,-1.12551569575268,0.936509788039511
"3299","ORLANDO","ARPT","FL","APT","S",3330,403,300,-1.12779207647903,0.933088261477882
"3203","ST AUGUSTINE","CTR","FL","PKG","L",2387,328,1700,-1.11151563237051,0.951851504783844
"2860","HICKORY","CTR","NC","PKG","L",5481,328,1700,-1.04580233296118,1.02714056628341
"2470","BLUEFIELD","CTR","WV","PKG","L",5451,328,1700,-1.02769370958194,1.04707584659873
"2580","BECKLEY","CTR","WV","PKG","L",4235,328,1700,-1.02145415842876,1.05394304178177
"3140","SAVANNAH","CTR","GA","PKG","L",8984,328,1700,-1.0856539620008,0.979082448292367
"2802","GASTONIA","CTR","NC","PKG","L",4906,328,1700,-1.04954551679321,1.02085854764408
"2861","WILKESBORO","CTR","NC","PKG","L",3636,328,1700,-1.03972011978398,1.0318608475599
"2589","BECKLEY","ARPT","WV","APT","S",800000,403,300,-1.02049764509476,1.05283581321456
"2919","COLUMBIA AIR HUB","HUB","SC","HUB","A",1049999,150,900,-1.06380182689937,1.00239310039777
"2929","COLUMBIA","HUB","SC","HUB","N",34000,403,2200,-1.06374261266987,1.00238299412281
"3202","DAYTONA","CTR","FL","PKG","L",4127,328,1700,-1.11672574064788,0.940405651952747
"2970","ROCK HILL","CTR","SC","PKG","L",3626,328,1700,-1.05111644206369,1.01471888685883
"4390","ST CLAIRSVILLE-ST CL","CTR","OH","PKG","L",3690,328,1700,-0.992795883491542,1.08249046070803
"2839","CHARLOTTE GATEWAY","ARPT","NC","APT","S",20000,403,300,-1.04776707174187,1.01734510384716
"2809","STATESVILLE AIR SORT","ARPT","NC","APT","S",999999,403,300,-1.04011385929127,1.02491356794413
"4400","AUSTINBURG","CTR","OH","PKG","L",3246,328,1700,-0.973093572293483,1.10257456085694
"2910","ORANGEBURG","CTR","SC","PKG","L",4357,328,1700,-1.06597880964883,0.994103254383756
"2829","CHARLOTTE HUB","HUB","NC","HUB","P",23560,403,400,-1.04557683267547,1.01720241144275
"2990","PARRIS ISLAND","CTR","SC","PKG","L",3905,328,1700,-1.07677541245929,0.979178385935614
"3290","COCOA","CTR","FL","PKG","L",1425,328,1700,-1.12246063730787,0.925749039445642
"2600","WHEELING","CTR","WV","PKG","L",4556,328,1700,-0.990996914454783,1.07912213792625
"2971","LANCASTER","CTR","SC","PKG","L",3576,328,1700,-1.05055620419231,1.00940184015197
"2992","HILTON HEAD","CTR","SC","PKG","L",3823,328,1700,-1.07853358530696,0.976300030589392
"2430","DUBLIN","CTR","VA","PKG","L",4872,328,1700,-1.02370598956179,1.04012923842347
"4440","TRUMBULL-TRUMBULL","CTR","OH","PKG","L",3989,328,1700,-0.977874638211796,1.09342713288303
"4451","MAHONING VALLEY","CTR","OH","PKG","L",4343,328,1700,-0.979252535671218,1.09147084044855
"3300","ISLAMORADA","CTR","FL","PKG","L",2772,328,1700,-1.15956004947566,0.880084621836513
"4395","BRILLIANT","CTR","OH","PKG","L",4015,328,1700,-0.987274629380513,1.08133801884108
"2801","KANNAPOLIS","CTR","NC","PKG","L",2583,328,1700,-1.04058706971624,1.01869783918293
"3291","MELBOURNE","CTR","FL","PKG","L",1320,328,1700,-1.12400573251741,0.920605062942906
"2811","MONROE","CTR","NC","PKG","L",4110,328,1700,-1.04604336668445,1.01147488602461
"2814","SALISBURY","CTR","NC","PKG","L",4177,328,1700,-1.03775688525653,1.01902912128072
"3296","VERO BEACH","CTR","FL","PKG","L",5272,328,1700,-1.12638063460021,0.914125097054916
"3311","HOMESTEAD","CTR","FL","PKG","L",4072,328,1700,-1.15011603596012,0.885959616624061
"2499","LEWISBURG SORT","HUB","WV","HUB","L",5103,328,1700,-1.01299877515456,1.046409581778
"1610","NEW CASTLE","CTR","PA","PKG","L",5547,328,1700,-0.975276606836327,1.08997888465416
"2911","SUMTER","CTR","SC","PKG","L",3617,328,1700,-1.05570033767693,0.99518209551772
"3491","FORT PIERCE","CTR","FL","PKG","L",3601,328,1700,-1.12850424091274,0.909298910312166
"2632","CLARKSBURG","CTR","WV","PKG","L",6284,328,1700,-0.995611132270375,1.0652434732542
"3306","MIAMI","CTR","FL","PKG","L",17615,328,1700,-1.14587681843213,0.888417053516051
"1501","ALIQUIPPA","CTR","PA","PKG","L",4675,328,1700,-0.978825086732615,1.08454670833281
"3329","MIAMI AIRPORT","ARPT","FL","APT","A",760000,150,900,-1.14550503855524,0.88832731120058
"3309","HIALEAH","HUB","FL","HUB","A",890000,150,900,-1.14440725599437,0.888984661528614
"1530","WASHINGTON","CTR","PA","PKG","L",5532,328,1700,-0.984291874441979,1.07736519934647
"2711","WINSTON SALEM-SOUTH","CTR","NC","PKG","L",7692,328,1700,-1.02961996361524,1.02362941448125
"3343","STUART","CTR","FL","PKG","L",3258,328,1700,-1.12958215133202,0.905357475141731
"1509","PITTSBURG ARPT SORT","ARPT","PA","APT","A",870000,150,900,-0.980510109638066,1.08088427094099
"3330","FT LAUDERDALE-CENTRAL","CTR","FL","PKG","L",17873,328,1700,-1.14074917387373,0.89193962206976
"1631","MEADVILLE","CTR","PA","PKG","L",4856,328,1700,-0.967716691073175,1.09584281280352
"3302","HOLLYWOOD","CTR","FL","PKG","L",4158,328,1700,-1.14143077094006,0.890064058481597
"2650","FAIRMONT CENTER","CTR","WV","PKG","L",5880,328,1700,-0.991735372521834,1.06635868195956
"2941","SUMMERVILLE","CTR","SC","PKG","L",3658,328,1700,-1.06331929264598,0.981437337758033
"3326","DEERFIELD NORTH","CTR","FL","PKG","L",20177,328,1700,-1.13775348357607,0.893375087734044
"1519","THORNBURG SORT","HUB","PA","HUB","L",4600,328,1700,-0.979754738157845,1.07907094298345
"3340","WEST PALM BEACH","CTR","FL","PKG","L",13346,328,1700,-1.13210175692964,0.898931683175709
"1649","ERIE SORT","HUB","PA","HUB","L",5485,328,1700,-0.961106770510617,1.10093307378897
"1529","PITTSBURGH","HUB","PA","HUB","L",13850,328,1700,-0.979101870840782,1.07876354451932
"2721","HIGH POINT","CTR","NC","PKG","L",4932,328,1700,-1.02976734687644,1.01831672273797
"2940","CHARLESTON-CHARLESTN","CTR","SC","PKG","L",2117,328,1700,-1.06360841899594,0.97811349752865
"1523","PITTSBURGH - AIR CTR","CTR","PA","PKG","L",1079999,328,1700,-0.97884353260187,1.07832540607568
"2409","ROANOKE","HUB","VA","HUB","N",72000,403,2200,-1.01384755123115,1.036598740263
"1600","ZELIENOPLE","CTR","PA","PKG","L",4438,328,1700,-0.97280666986667,1.0830241353367
"2749","GREENSBORO HUB","HUB","NC","HUB","D",142000,478,1100,-1.02659880802014,1.0188211395847
"2620","ELKINS","CTR","WV","PKG","L",4489,328,1700,-0.994612340992624,1.05652193114009
"2950","FLORENCE-FLORENCE","CTR","SC","PKG","L",3946,328,1700,-1.04635367845542,0.99464450376627
"1540","UNIONTOWN","CTR","PA","PKG","L",6211,328,1700,-0.982271994536853,1.06872605380447
"1630","FRANKLIN","CTR","PA","PKG","L",3555,328,1700,-0.965429168261258,1.08833270295056
"1569","NEW STANTON","HUB","PA","HUB","D",136000,478,1100,-0.977453904949022,1.07206748774122
"1500","NEW KENSINGTON","CTR","PA","PKG","L",4086,328,1700,-0.972717582384429,1.07655739726977
"2451","DANVILLE","CTR","VA","PKG","L",5886,328,1700,-1.01605201562956,1.02211956754886
"2832","SOUTHERN PINES","CTR","NC","PKG","L",3288,328,1700,-1.0309974575897,1.00305697100963
"1401","DUNKIRK","CTR","NY","PKG","L",2806,328,1700,-0.949340164340451,1.10019179125608
"1470","JAMESTOWN","CTR","NY","PKG","L",5043,328,1700,-0.95193448668207,1.09394714856478
"2450","LYNCHBURG","CTR","VA","PKG","L",3440,328,1700,-1.00480384708635,1.03022837905179
"1570","INDIANA","CTR","PA","PKG","L",4279,328,1700,-0.968505072555286,1.07313111705586
"2754","CHAPEL HILL","CTR","NC","PKG","L",8170,328,1700,-1.01964871809841,1.0097179007811
"2834","LUMBERTON","CTR","NC","PKG","L",3946,328,1700,-1.03342842090439,0.991882393049892
"1430","NIAGARA FALLS","CTR","NY","PKG","L",5209,328,1700,-0.938743216391111,1.10567545114473
"2440","STAUNTON","CTR","VA","PKG","L",4801,328,1700,-0.994519481259604,1.03809275985979
"2951","MYRTLE BEACH-M.BEACH","CTR","SC","PKG","L",2014,328,1700,-1.04246408088394,0.97950231690288
"2830","FAYETTEVILLE","CTR","NC","PKG","L",4932,328,1700,-1.02805739958505,0.996183218271831
"2770","DURHAM","CTR","NC","PKG","L",4027,328,1700,-1.01664707072844,1.00936898506446
"1559","JOHNSTOWN","HUB","PA","HUB","L",4003,328,1700,-0.968947161420318,1.06627628682098
"2779","RALEIGH-DURHAM","ARPT","NC","APT","A",810000,150,900,-1.01747562560245,1.00688109925152
"1429","BUFFALO HUB","HUB","NY","HUB","N",44000,403,2200,-0.939423807404039,1.10112994280535
"1632","KANE","CTR","PA","PKG","L",3661,328,1700,-0.953118312008367,1.08450284349033
"2159","CUMBERLAND SORT","HUB","MD","HUB","L",2893,328,1700,-0.9753939464823,1.05686294046621
"1589","DUBOIS","HUB","PA","HUB","L",5482,328,1700,-0.958568483759431,1.07683264659281
"1439","BUFFALO ARPT-AIRSORT","ARPT","NY","APT","S",2592,403,300,-0.938243254369275,1.10135103948619
"1410","LOCKPORT","CTR","NY","PKG","L",3292,328,1700,-0.935392452052492,1.10413887817424
"2751","MORRISVILLE","CTR","NC","PKG","L",1896,328,1700,-1.01557596937502,1.00468696267979
"2299","MECHANICVILLE","HUB","VA","HUB","S",970000,403,300,-0.989989452339622,1.03369583428291
"1471","OLEAN","CTR","NY","PKG","L",4167,328,1700,-0.945240874139204,1.0876677211859
"2289","CHARLOTTESVILLE SORT","HUB","VA","HUB","L",3884,328,1700,-0.990159280275743,1.03299043371747
"2394","KEYSVILLE","CTR","VA","PKG","L",3696,328,1700,-1.00106332489787,1.01969333600499
"1669","ALTOONA SORT","HUB","PA","HUB","L",4075,328,1700,-0.961958808167826,1.0654261193323
"2260","FRONT ROYAL","CTR","VA","PKG","L",4686,328,1700,-0.97728760322985,1.04216070616658
"1400","BATAVIA","CTR","NY","PKG","L",4209,328,1700,-0.931931542776756,1.09751084975295
"2782","GOLDSBORO","CTR","NC","PKG","L",4234,328,1700,-1.01343723887727,0.993541705565586
"2840","WILMINGTON","CTR","NC","PKG","L",4357,328,1700,-1.02531845393554,0.977576796767337
"1680","STATE COLLEGE","CTR","PA","PKG","L",4871,328,1700,-0.952195740726428,1.06485794886961
"2174","Customer Location","CSL","MD","CSL","L",960000,328,1700,-0.965372483658956,1.04858265541139
"2780","ROCKY MOUNT","CTR","NC","PKG","L",1932,328,1700,-1.00488442244226,0.999691566259725
"2179","HAGERSTOWN","HUB","MD","HUB","L",8352,328,1700,-0.964847760830781,1.04780165947165
"1480","HORNELL","CTR","NY","PKG","L",4167,328,1700,-0.933228043623839,1.08651423306556
"1720","CHAMBERSBURG","CTR","PA","PKG","L",3344,328,1700,-0.960782922442615,1.05149521954871
"1449","HENRIETTA","HUB","NY","HUB","L",13026,328,1700,-0.925518027915973,1.09372850300281
"1469","ROCHESTER SORT","HUB","NY","HUB","L",5796,328,1700,-0.924306734039225,1.09518115292979
"1700","LEWISTOWN","CTR","PA","PKG","L",3074,328,1700,-0.951890606297593,1.06092907266855
"2850","KINSTON","CTR","NC","PKG","L",3124,328,1700,-1.01054834371926,0.988012744422375
"2781","GREENVILLE","CTR","NC","PKG","L",4686,328,1700,-1.00608894764439,0.991721352789645
"2209","DULLES HUB","HUB","VA","HUB","L",16236,328,1700,-0.969954182225521,1.03576133735507
"2240","FREDERICKSBURG","CTR","VA","PKG","L",3082,328,1700,-0.97665633249201,1.02742544230779
"2249","NEWINGTON SORT","HUB","VA","HUB","L",4616,328,1700,-0.969292165920628,1.0364409052971
"2199","FREDERICK SORT","HUB","MD","HUB","L",4104,328,1700,-0.964466298719458,1.04189918193224
"2329","RICHMOND","HUB","VA","HUB","N",81000,403,2200,-0.985683036531081,1.01526255728246
"2851","JACKSONVILLE","CTR","NC","PKG","L",4768,328,1700,-1.01413991728421,0.979240295266622
"2309","RICHMOND","ARPT","VA","APT","S",1079999,403,300,-0.983757719054151,1.01590957547631
"1731","GETTYSBURG","CTR","PA","PKG","L",674,328,1700,-0.957986335595901,1.04583249415399
"2049","GAITHERSBURG","HUB","MD","HUB","L",4747,328,1700,-0.964627491586214,1.03654849497846
"1482","PAINTED POST","CTR","NY","PKG","L",4834,328,1700,-0.930469970886016,1.07734715169287
"1798","MAT - OPEN 17","CPU","PA","CPU","L",750000,328,1700,-0.937042209555654,1.0691239584461
"2229","ALEXANDRIA SORT","HUB","VA","HUB","L",7087,328,1700,-0.966980199431845,1.03141760140646
"2052","D.C.-AIR-K STREET","CTR","DC","PKG","L",1089999,328,1700,-0.965423083921001,1.03237607885261
"1770","WILLIAMSPORT","CTR","PA","PKG","L",3980,328,1700,-0.939656810836762,1.06402013446332
"1440","GENEVA","CTR","NY","PKG","L",4126,328,1700,-0.921104066553138,1.08625835052205
"2855","HAVELOCK","CTR","NC","PKG","L",4110,328,1700,-1.00751512983654,0.976838902714552
"2059","WALDORF SORT","HUB","MD","HUB","L",2001,328,1700,-0.967035149824742,1.02737366968825
"2079","BURTONSVILLE","HUB","MD","HUB","D",99000,478,1100,-0.961801416566912,1.03373381854388
"2039","LANDOVER SORT","HUB","MD","HUB","L",4673,328,1700,-0.963119150150292,1.03141426457433
"1789","SUNBURY SORT","HUB","PA","HUB","L",4006,328,1700,-0.943055188891902,1.05645535052851
"2019","DC SORT","HUB","MD","HUB","L",17343,328,1700,-0.963081502020678,1.03135299773453
"1719","HARRISBURG","HUB","PA","HUB","D",83000,478,1100,-0.94874086215314,1.04895215823369
"1490","ELMIRA","CTR","NY","PKG","L",4793,328,1700,-0.927419957271833,1.07509676955021
"1749","YORK SORT","HUB","PA","HUB","L",5141,328,1700,-0.949805641510929,1.04546996510119
"1709","MIDDLETOWN(HARRISBG)","ARPT","PA","APT","S",1900,403,300,-0.948161800446576,1.04743074212
"1730","MARKET STR","CTR","PA","PKG","L",4726,328,1700,-0.950544048466816,1.04412782830669
"1714","UPS COF S.O.P.","CTR","PA","PKG","L",860000,328,1700,-0.946438585370827,1.0489209174736
"2121","BALTIMORE-HARBOR","CTR","MD","PKG","P",920000,403,400,-0.957596936505789,1.03414720118674
"2139","BWI AIRPORT","ARPT","MD","APT","S",800000,403,300,-0.958262687113606,1.03301020801228
"2119","HUNT VALLEY SORT","HUB","MD","HUB","L",12344,328,1700,-0.954466765890413,1.03739339124638
"2790","EDENTON","CTR","NC","PKG","L",3453,328,1700,-0.991417945161961,0.990091765665384
"2169","QUAD AVENUE SORT","HUB","MD","HUB","L",5101,328,1700,-0.955745267991606,1.03349763458981
"2241","LIVELY","CTR","VA","PKG","L",5246,328,1700,-0.971975830822114,1.01256777196891
"2363","CANON RETURNS","CTR","VA","PKG","P",1209999,403,400,-0.978933482752653,1.00295580929282
"1481","ITHACA","CTR","NY","PKG","L",4251,328,1700,-0.920483182843605,1.07636417768829
"1759","LANCASTER SORT","HUB","PA","HUB","P",17150,403,400,-0.945209103195868,1.04272943791408
"2350","NORFOLK","CTR","VA","PKG","L",6319,328,1700,-0.978361851797092,0.997921048800701
"2349","VIRGINIA BEACH","HUB","VA","HUB","L",11727,328,1700,-0.977957924051456,0.997816008974941
"1790","POTTSVILLE CENTER","CTR","PA","PKG","L",2690,328,1700,-0.936754792580846,1.04998276511991
"1302","CORTLAND","CTR","NY","PKG","L",2834,328,1700,-0.915956612358724,1.07579472134558
"1319","SYRACUSE (SYRACUSE)","ARPT","NY","APT","S",2220,403,300,-0.91001511704375,1.08251643819324
"1329","SYRACUSE","HUB","NY","HUB","N",84000,403,2200,-0.909556566367797,1.08209653030988
"2160","EASTON","CTR","MD","PKG","L",3858,328,1700,-0.956434615870683,1.0223689876268
"1399","BINGHAMTON","HUB","NY","HUB","L",3459,328,1700,-0.919443891261861,1.06745854337231
"1820","HOMETOWN CENTER","CTR","PA","PKG","L",4441,328,1700,-0.933707748814056,1.0489430804664
"1969","READING SORT","HUB","PA","HUB","L",7140,328,1700,-0.937643355934049,1.04344432626819
"1360","BLACK RIVER","CTR","NY","PKG","L",3876,328,1700,-0.898474007121677,1.09305229341946
"1869","WILKES-BARRE SORT","HUB","PA","HUB","L",7727,328,1700,-0.925609098358956,1.05479769533679
"1859","SCRANTON SORT","HUB","PA","HUB","L",9415,328,1700,-0.924518579803212,1.05535354162555
"1979","CHRISTIANA SORT","HUB","DE","HUB","L",7485,328,1700,-0.942694813836833,1.03185540806835
"2797","MANTEO","CTR","NC","PKG","L",1583,328,1700,-0.982759831664969,0.980393901406577
"1939","WEST CHESTER","HUB","PA","HUB","P",17658,403,400,-0.938234137790342,1.03498442961492
"2189","SALISBURY SORT","HUB","MD","HUB","L",1801,328,1700,-0.955171561527379,1.01321664206591
"1999","HARRINGTON","HUB","DE","HUB","L",3107,328,1700,-0.949262810733672,1.02048275049846
"1340","ROME","CTR","NY","PKG","L",3834,328,1700,-0.902389009070138,1.07929257367649
"1819","ALLENTOWN SORT","HUB","PA","HUB","L",21828,328,1700,-0.928872108872272,1.0427375882572
"1350","UTICA-UTICA","CTR","NY","PKG","L",4298,328,1700,-0.901983239354347,1.07578491797986
"1949","PHILA AIR HUB","HUB","PA","HUB","D",72797,478,1100,-0.936236201668191,1.03056499505219
"1830","STROUDSBURG","CTR","PA","PKG","L",2793,328,1700,-0.923175504815271,1.04558193672093
"1919","PHILA OREGON AV","HUB","PA","HUB","P",10985,403,400,-0.934444248552386,1.03039179590239
"1909","WILLOW GROVE","HUB","PA","HUB","D",102000,478,1100,-0.931722440041333,1.03373712291668
"1380","ONEONTA","CTR","NY","PKG","L",4959,328,1700,-0.90622549197755,1.06493712733201
"1361","POTSDAM","CTR","NY","PKG","L",4167,328,1700,-0.881274589285058,1.09512007185878
"1270","LIBERTY","CTR","NY","PKG","L",3330,328,1700,-0.910426315076164,1.05226156283278
"1200","AMSTERDAM","CTR","NY","PKG","L",3584,328,1700,-0.892455150343411,1.06765438508338
"1251","CHESTER","CTR","NY","PKG","L",2250,328,1700,-0.910025083322118,1.04320272649654
"1030","NYSTI-STATEN ISLAND","CTR","NY","PKG","L",5729,328,1700,-0.916921893586313,1.03208548398375
"1259","STEWART (NEWBURGH)","ARPT","NY","APT","S",900,403,300,-0.906549217837182,1.04396206957406
"1090","SPRING VALLEY-SP. V.","CTR","NY","PKG","L",4320,328,1700,-0.91001151764344,1.03790679475854
"1255","NEW WINDSOR-NW WNDSR","CTR","NY","PKG","P",3693,403,400,-0.90574491081237,1.04330261958621
"1029","MANHATTAN SOUTH","HUB","NY","HUB","L",14563,328,1700,-0.913784048971102,1.03243360198734
"1000","EAST HARLEM","CTR","NY","PKG","P",880000,403,400,-0.913292413272446,1.03285122659175
"1249","KINGSTON SORT","HUB","NY","HUB","L",3628,328,1700,-0.900647698965334,1.04936683192813
"1014","MANHATTAN NORTH-EAST","CTR","NY","PKG","L",4507,328,1700,-0.912031074314192,1.03298404787159
"1129","FOSTER AVENUE","HUB","NY","HUB","L",12103,328,1700,-0.913678295761295,1.03052251240268
"1119","ISLAND CITY","HUB","NY","HUB","N",47000,403,2200,-0.912804679940517,1.03165804959185
"1049","BRUSH AVE","HUB","NY","HUB","L",9299,328,1700,-0.911010987333171,1.0323433704578
"1089","MT VERNON SORT","HUB","NY","HUB","L",8149,328,1700,-0.910043773608114,1.03320727083639
"1069","ELMSFORD SORT","HUB","NY","HUB","L",8947,328,1700,-0.908206947247814,1.03562286017083
"1239","ALBANY","ARPT","NY","APT","S",1880,403,300,-0.890327391793465,1.05913325213365
"1149","JFK (NEW YORK)","ARPT","NY","APT","T",1179999,403,1700,-0.912293383926206,1.02969596897322
"1260","POUGHKEEPSIE","CTR","NY","PKG","L",2370,328,1700,-0.901829751492751,1.04351363452766
"1250","HUDSON","CTR","NY","PKG","L",2280,328,1700,-0.895330177784178,1.05200364060624
"1050","YORKTOWN CENTER","CTR","NY","PKG","L",3100,328,1700,-0.905616593887477,1.03817209102202
"1229","ALBANY","HUB","NY","HUB","N",29000,403,2200,-0.889878814244185,1.05896875251617
"1280","GLENS FALLS","CTR","NY","PKG","L",4042,328,1700,-0.883047976946837,1.06587007928733
"1159","NASSAU","HUB","NY","HUB","N",48000,403,2200,-0.909571499051042,1.02914746557947
"1289","PLATTSBURGH SORT","HUB","NY","HUB","P",4300,403,400,-0.866658851643875,1.08473088217203
"1189","MELVILLE","HUB","NY","HUB","P",6972,403,400,-0.907243214819419,1.02812104903563
"1170","SUFFOLK-PATCHOGUE","CTR","NY","PKG","L",20378,328,1700,-0.902225315344366,1.02601950378172
